tlb_page_size,tlb_entries,tlb_assoc,cycle_time,tlb_max_outstanding_walks,tlb_miss_latency,cache_line_sz,cache_assoc,cache_queue_size,tlb_hit_latency,pipelined_dma,cache_size,pipelining,cache_hit_latency,cache_bandwidth,tlb_bandwidth,success,cycle,power,area
4096,0,4,1,4,10,32,2,64,1,1,32768,0,1,7,2,True,772572,10.6428,282061.0
4096,0,4,1,4,15,64,2,128,4,0,32768,1,3,13,2,True,504958,172.542,13666200.0
4096,0,4,1,8,16,64,8,32,4,0,65536,1,2,16,1,True,472680,174.136,13660000.0
4096,0,4,1,8,17,64,2,128,1,1,16384,0,2,15,1,True,892724,5.79507,60307.9
4096,0,4,2,4,16,32,16,64,1,1,16384,1,3,8,1,True,415110,151.79,12040300.0
4096,0,4,3,8,10,64,1,128,1,1,131072,1,3,13,2,True,391613,174.679,14186600.0
4096,0,4,3,8,18,64,4,64,1,1,65536,0,3,15,2,True,861249,6.11213,361169.0
4096,0,4,5,8,15,32,1,32,3,0,65536,0,2,10,1,True,951775,4.00837,195634.0
4096,0,4,5,8,16,32,2,64,4,1,32768,0,3,16,2,True,1115733,2.88304,280206.0
4096,0,8,1,4,15,32,8,64,3,1,65536,0,4,12,1,True,1147906,9.23326,244470.0
4096,0,8,1,4,19,64,16,64,1,1,65536,1,2,15,1,True,377398,177.362,13656600.0
4096,0,8,1,8,12,32,1,128,1,1,32768,0,1,4,1,True,2031801,4.02531,113025.0
4096,0,8,2,8,15,16,2,32,2,0,131072,1,1,12,1,True,420018,84.3954,6433760.0
4096,0,8,3,4,15,64,8,128,3,1,131072,0,3,16,2,True,1018578,9.72234,753253.0
4096,0,8,3,8,20,16,8,128,4,0,65536,0,2,14,1,True,1063265,5.5605,323652.0
4096,0,8,4,4,18,32,4,64,2,0,131072,0,4,15,1,True,1033690,7.94202,448715.0
4096,0,8,4,8,20,16,8,128,4,1,32768,1,4,5,1,True,537554,76.7055,6122550.0
4096,0,8,5,8,18,16,8,32,2,1,32768,1,4,7,1,True,466216,76.6229,6122500.0
4096,0,16,1,4,14,64,8,128,4,0,32768,0,3,11,1,True,1120925,6.40868,103281.0
4096,0,16,2,4,11,32,8,128,1,0,131072,1,3,8,1,True,415436,157.425,12429800.0
4096,0,16,2,4,12,64,8,32,1,1,32768,0,4,13,2,True,947115,5.22251,208332.0
4096,0,16,2,4,17,32,1,64,2,0,65536,1,1,6,1,True,383768,153.424,12158300.0
4096,0,16,3,4,19,64,16,128,1,1,32768,1,1,10,1,True,326895,170.276,13572400.0
4096,0,16,3,8,14,16,1,128,1,0,131072,1,4,13,1,True,475967,82.3282,6433420.0
4096,0,16,3,8,15,32,2,64,4,0,65536,1,2,16,2,True,468023,152.86,12354600.0
4096,0,16,5,4,12,16,2,64,1,1,32768,1,4,16,2,True,432979,77.0157,6215540.0
4096,4,4,1,4,13,16,8,64,3,0,131072,1,4,15,1,True,606272,87.2601,6450050.0
4096,4,4,3,4,11,16,1,128,1,1,16384,1,3,14,1,True,871507,75.4916,6050580.0
4096,4,4,3,8,11,32,1,128,3,0,16384,1,2,15,2,True,1040458,149.327,12084600.0
4096,4,4,3,8,15,16,1,32,4,0,131072,1,4,10,1,True,563647,81.8901,6433420.0
4096,4,4,5,8,14,64,1,64,1,0,32768,1,4,6,1,True,1046410,168.075,13573300.0
4096,4,4,5,8,16,16,8,128,4,1,32768,0,4,13,1,True,1216895,2.63122,136661.0
4096,8,8,1,4,12,16,8,64,2,0,131072,1,3,14,2,True,543260,89.7296,6893660.0
4096,8,8,1,8,13,16,1,32,3,0,65536,0,4,5,1,True,1214212,9.10725,308703.0
4096,8,8,1,8,19,32,1,64,1,0,65536,1,2,16,2,True,414164,157.853,12357800.0
4096,8,8,2,8,12,32,16,32,2,0,16384,0,4,7,2,True,1048835,5.87057,176072.0
4096,8,8,3,4,11,32,8,64,1,1,16384,0,1,13,2,True,719715,3.77856,130903.0
4096,8,8,3,4,13,16,16,64,4,0,32768,1,1,16,1,True,461312,77.8795,6160900.0
4096,8,8,3,4,20,64,16,32,4,0,131072,1,3,8,1,True,486891,173.701,13804300.0
4096,8,8,3,8,10,32,2,128,1,0,65536,1,4,14,1,True,439197,152.211,12156900.0
4096,8,8,3,8,11,64,8,64,2,0,32768,0,2,9,1,True,862458,3.44031,101806.0
4096,8,8,3,8,18,32,1,32,2,1,65536,0,1,7,1,True,800876,5.31458,196013.0
4096,8,8,4,8,18,16,1,128,2,0,131072,0,4,6,1,True,1064499,8.5156,452019.0
4096,8,8,5,4,15,64,4,128,3,1,65536,1,3,5,2,True,427846,170.587,13822900.0
4096,8,8,5,4,18,16,8,32,1,0,16384,0,4,11,2,True,973710,2.40822,180063.0
4096,8,8,5,4,18,16,16,128,1,0,16384,1,2,4,1,True,368654,76.5414,6092110.0
4096,8,8,5,8,15,64,16,64,4,1,131072,0,1,14,1,True,938776,7.60629,346579.0
4096,8,8,5,8,18,64,8,128,1,0,16384,0,3,12,1,True,863678,1.84877,62641.9
4096,16,16,1,4,10,64,4,32,2,1,32768,0,2,15,2,True,878834,9.18824,208507.0
4096,16,16,1,8,13,32,4,128,1,1,32768,1,3,9,1,True,439357,154.292,12076200.0
4096,16,16,2,8,10,32,4,64,4,1,16384,0,4,15,2,True,1200418,2.64069,123943.0
4096,16,16,3,4,11,32,16,128,1,0,32768,1,3,13,1,True,405978,151.589,12077200.0
4096,16,16,3,8,17,16,1,32,2,0,32768,1,4,10,1,True,969333,76.1976,6092540.0
4096,16,16,4,8,12,32,4,32,4,0,16384,1,4,13,1,True,507709,149.558,12029000.0
4096,16,16,4,8,14,32,8,128,1,1,131072,1,1,13,1,True,316806,155.918,12434100.0
4096,16,16,5,8,13,32,1,32,2,1,16384,0,1,6,2,True,1253165,1.5263,122090.0
4096,8,4,1,4,16,16,4,32,2,0,65536,1,2,15,1,True,508593,82.8574,6305480.0
4096,8,4,1,8,17,64,1,128,2,0,32768,1,2,6,2,True,1921162,169.165,13663800.0
4096,8,4,2,4,17,32,1,64,1,1,65536,1,4,13,2,True,448275,153.913,12356500.0
4096,8,4,2,4,19,64,16,128,2,0,131072,0,1,6,1,True,787452,12.8062,347122.0
4096,8,4,2,8,16,32,4,128,3,0,32768,1,3,5,1,True,490519,151.309,12074900.0
4096,8,4,2,8,19,16,2,128,1,0,65536,0,4,12,2,True,1008552,7.78188,472409.0
4096,8,4,2,8,19,32,8,64,4,1,32768,1,3,10,2,True,509031,152.059,12170500.0
4096,8,4,4,8,15,16,8,128,1,1,65536,1,2,14,1,True,376114,78.953,6309160.0
4096,8,4,5,4,10,64,2,128,2,1,16384,0,2,9,1,True,911131,1.63993,58453.0
4096,8,4,5,4,16,64,2,128,4,0,16384,0,4,7,2,True,1239261,1.47716,109007.0
4096,8,4,5,8,15,32,1,128,2,0,16384,1,1,11,2,True,763775,149.283,12089000.0
4096,16,8,1,8,12,64,2,32,3,1,16384,0,1,13,1,True,964379,5.4198,60307.9
4096,16,8,2,4,12,16,8,64,1,0,32768,0,2,10,1,True,846158,5.17745,137203.0
4096,16,8,2,4,12,64,2,32,1,1,32768,0,2,8,1,True,821513,4.38744,112979.0
4096,16,8,2,8,10,32,2,128,3,0,131072,1,2,14,2,True,445282,157.835,12838700.0
4096,16,8,2,8,20,16,16,128,1,0,32768,0,4,15,2,True,1006353,8.10425,362208.0
4096,16,8,3,4,14,32,1,64,2,0,65536,0,4,5,1,True,1039108,4.71045,196013.0
4096,16,8,3,8,10,16,2,32,3,0,16384,1,3,7,2,True,496230,76.5055,6156160.0
4096,16,8,3,8,10,64,2,64,3,0,65536,0,4,14,1,True,1107020,4.39539,194894.0
4096,16,8,4,8,16,64,1,64,3,1,32768,1,1,8,1,True,1000497,168.175,13573400.0
4096,16,8,5,4,15,16,2,128,3,0,65536,1,2,8,2,True,428123,78.8872,6457700.0
4096,16,8,5,4,20,64,2,64,1,1,65536,0,1,9,2,True,705352,5.18376,392246.0
4096,16,8,5,8,18,32,4,32,4,1,32768,1,1,6,1,True,405339,150.302,12079100.0
4096,32,16,1,8,18,64,8,128,1,0,32768,0,3,9,1,True,880582,7.77099,103281.0
4096,32,16,1,8,20,64,8,32,4,1,16384,0,4,4,1,True,1196262,4.9325,64496.8
4096,32,16,2,8,19,64,2,128,2,0,131072,0,3,13,2,True,947690,11.5508,727658.0
4096,32,16,3,4,13,64,4,64,2,1,65536,0,2,13,1,True,862579,5.04114,199136.0
4096,32,16,3,4,20,64,4,128,3,1,131072,0,1,6,1,True,861024,9.16222,377416.0
4096,32,16,3,8,12,64,1,128,2,1,65536,1,4,11,2,True,454716,171.058,13851700.0
4096,32,16,4,4,17,64,1,128,3,1,131072,1,3,6,1,True,429729,172.914,13802700.0
4096,32,16,4,4,18,64,4,128,4,0,16384,1,2,9,2,True,429529,168.209,13571200.0
4096,32,16,5,8,20,16,1,128,4,1,131072,1,1,7,1,True,425864,81.4398,6437830.0
4096,12,4,1,8,11,16,2,64,1,0,16384,0,3,8,1,True,1042095,5.45025,70899.4
4096,12,4,1,8,20,32,4,32,4,1,65536,0,1,5,2,True,984433,12.1326,491703.0
4096,12,4,2,4,14,16,8,64,4,1,65536,0,3,13,1,True,1172448,6.46402,323815.0
4096,12,4,2,4,17,64,2,32,3,0,131072,1,2,13,1,True,428057,174.725,13798600.0
4096,12,4,2,4,19,16,16,64,4,1,32768,0,1,13,2,True,1003284,8.12164,362208.0
4096,12,4,3,4,11,16,4,32,4,1,16384,0,1,5,2,True,981108,3.03709,177769.0
4096,12,4,3,4,14,16,8,128,2,1,32768,1,2,8,2,True,436531,78.0344,6214470.0
4096,12,4,3,4,18,32,1,32,1,1,16384,0,2,14,2,True,1470805,1.7725,122469.0
4096,12,4,3,8,12,16,16,32,1,0,131072,0,3,16,2,True,905393,13.7512,793932.0
4096,12,4,3,8,12,64,1,128,2,0,32768,0,3,15,1,True,1797822,2.22878,111572.0
4096,12,4,3,8,13,16,1,128,1,0,32768,0,1,10,2,True,1239391,3.58302,226551.0
4096,12,4,4,4,13,64,4,128,2,0,16384,0,1,5,2,True,780699,2.12247,109074.0
4096,12,4,4,4,18,32,2,128,1,0,65536,0,2,7,1,True,800836,4.66615,194458.0
4096,12,4,5,8,16,32,16,128,2,0,32768,1,3,9,2,True,407601,151.776,12226300.0
4096,24,8,1,8,13,16,8,32,3,0,65536,1,2,13,1,True,543258,82.7369,6306180.0
4096,24,8,1,8,14,16,16,128,2,0,65536,1,2,4,2,True,508603,87.8101,6645310.0
4096,24,8,3,4,11,64,16,64,2,1,32768,0,1,12,2,True,782369,6.73551,259739.0
4096,24,8,3,4,14,16,2,32,2,1,65536,0,2,8,2,True,907916,6.65123,472246.0
4096,24,8,3,4,14,16,2,64,2,0,131072,0,4,12,1,True,1068728,9.50684,452552.0
4096,24,8,3,4,18,32,8,32,1,1,16384,1,4,12,1,True,438581,150.075,12025100.0
4096,24,8,3,8,15,32,16,32,3,1,32768,1,1,13,1,True,403088,151.603,12077200.0
4096,24,8,4,4,14,16,8,32,4,1,131072,0,4,8,1,True,1217670,8.51028,467174.0
4096,24,8,4,8,11,64,1,32,2,0,32768,1,3,15,2,True,1130807,168.441,13666800.0
4096,24,8,4,8,14,32,4,64,1,0,32768,0,1,9,2,True,716273,3.99199,206687.0
4096,24,8,5,4,19,32,2,64,2,0,65536,0,4,16,2,True,1031263,4.69897,392147.0
4096,24,8,5,8,14,64,16,128,2,0,65536,0,1,15,2,True,779410,7.79855,517786.0
4096,24,8,5,8,17,64,16,64,4,1,32768,0,3,8,1,True,1108650,2.88225,114705.0
4096,48,16,1,8,11,32,2,128,4,1,131072,0,3,6,1,True,1148452,15.7707,454090.0
4096,48,16,1,8,18,32,16,128,4,0,131072,1,4,15,2,True,563269,165.722,12788900.0
4096,48,16,2,4,11,32,1,32,1,0,16384,0,2,11,1,True,1704057,2.0404,69703.5
4096,48,16,2,4,13,64,4,128,3,0,65536,0,1,11,2,True,866367,7.65733,361332.0
4096,48,16,2,4,17,32,8,32,1,1,16384,0,1,5,1,True,730687,4.09756,63190.6
4096,48,16,2,8,10,32,1,64,3,1,131072,0,2,9,2,True,964745,12.0729,878620.0
4096,48,16,2,8,14,64,4,128,2,1,131072,1,2,6,1,True,395838,175.084,13834900.0
4096,48,16,3,8,16,64,1,64,4,1,65536,1,3,14,2,True,486423,170.946,13851700.0
4096,48,16,4,8,16,64,8,128,3,0,131072,0,2,6,2,True,938446,9.0164,752898.0
4096,48,16,5,4,17,16,1,32,2,1,16384,1,2,9,2,True,743129,75.5073,6181860.0
4096,16,4,1,4,15,64,2,32,3,0,131072,0,2,15,2,True,979986,17.2434,728970.0
4096,16,4,1,4,20,64,2,64,4,1,16384,1,1,13,2,True,436692,171.315,13568200.0
4096,16,4,1,8,12,64,4,32,2,0,32768,0,2,10,2,True,879725,9.1806,208507.0
4096,16,4,1,8,17,64,16,64,4,0,16384,1,3,9,1,True,503837,172.261,13536800.0
4096,16,4,1,8,19,64,16,128,4,0,131072,1,4,9,1,True,537187,178.238,13805800.0
4096,16,4,1,8,20,32,8,64,2,0,131072,1,2,5,1,True,438058,161.878,12431100.0
4096,16,4,2,8,18,32,2,128,4,1,65536,0,4,5,2,True,1206960,6.48786,392690.0
4096,16,4,2,8,20,32,2,128,1,1,16384,1,3,14,1,True,415436,150.744,12031700.0
4096,16,4,3,8,19,32,2,32,1,0,131072,0,3,4,2,True,876580,10.4776,876430.0
4096,16,4,4,8,18,32,2,32,2,0,16384,1,4,5,2,True,445205,149.763,12090300.0
4096,16,4,5,4,10,64,8,32,4,1,32768,0,1,5,1,True,941646,2.5136,101426.0
4096,16,4,5,8,12,32,8,32,1,0,32768,0,2,4,1,True,791648,2.87805,113559.0
4096,16,4,5,8,16,16,4,32,2,1,16384,0,2,9,1,True,892815,1.90957,68891.9
4096,32,8,1,4,16,16,2,128,1,1,32768,0,3,9,1,True,1042479,6.90471,114240.0
4096,32,8,1,8,19,64,8,64,3,1,32768,0,1,9,2,True,879567,9.57177,209644.0
4096,32,8,2,8,18,64,1,32,2,1,32768,0,4,15,1,True,2155008,2.47175,111736.0
4096,32,8,5,4,16,32,2,128,1,0,32768,1,1,12,2,True,313866,151.039,12247100.0
4096,64,16,1,8,13,32,2,128,3,0,32768,0,4,6,1,True,1173214,5.99946,114283.0
4096,64,16,1,8,20,16,8,128,4,0,131072,1,3,6,2,True,605340,88.8452,6893660.0
4096,64,16,2,4,20,64,2,128,3,0,131072,1,1,15,2,True,395083,176.036,14185000.0
4096,64,16,3,4,10,32,16,32,3,1,32768,1,4,7,1,True,501490,151.191,12077200.0
4096,64,16,3,4,11,64,16,64,3,1,32768,1,2,16,1,True,422689,169.737,13572400.0
4096,64,16,3,4,19,16,1,64,2,0,131072,1,3,13,1,True,466793,82.3836,6433420.0
4096,64,16,4,4,19,16,1,128,1,0,16384,1,1,13,2,True,727299,75.638,6181910.0
4096,64,16,4,8,13,32,4,128,3,1,32768,0,3,9,2,True,1030379,3.30449,206687.0
4096,64,16,4,8,16,64,2,64,4,0,32768,1,3,8,2,True,461566,169.105,13669200.0
4096,20,4,2,8,15,16,1,32,1,0,131072,0,1,16,2,True,762734,14.9841,1153170.0
4096,20,4,3,4,11,64,1,128,1,0,131072,1,3,11,2,True,390973,174.683,14186600.0
4096,20,4,3,4,16,32,2,64,2,1,16384,1,1,12,1,True,373818,150.157,12031500.0
4096,20,4,4,4,20,16,8,64,1,1,16384,1,2,8,1,True,375925,76.2347,6055740.0
4096,20,4,4,8,16,64,16,32,1,1,131072,0,3,7,1,True,860565,8.55466,346604.0
4096,20,4,5,4,15,16,16,32,1,1,16384,0,4,7,1,True,975413,2.57821,106269.0
4096,20,4,5,8,20,16,4,64,2,0,131072,0,3,5,1,True,973711,8.18722,448644.0
4096,40,8,1,4,14,64,8,64,3,0,32768,1,3,11,2,True,473268,173.215,13667000.0
4096,40,8,1,4,18,16,2,128,2,1,32768,0,4,13,1,True,1145336,6.43029,114240.0
4096,40,8,1,4,19,64,1,128,3,0,32768,0,2,8,1,True,2607959,3.34212,113048.0
4096,40,8,1,8,15,16,16,128,3,1,16384,0,3,14,2,True,1128259,10.148,220388.0
4096,40,8,1,8,16,64,1,64,3,1,65536,0,3,4,2,True,1055945,10.6404,395815.0
4096,40,8,2,8,19,32,8,64,2,1,16384,1,4,6,1,True,490567,150.592,12025300.0
4096,40,8,3,4,14,64,4,32,4,0,16384,1,4,6,1,True,519018,168.141,13516100.0
4096,40,8,3,4,16,32,1,128,2,1,16384,0,2,9,1,True,1560184,1.68021,69540.1
4096,40,8,3,8,16,16,4,32,2,0,32768,1,2,14,1,True,436534,77.2036,6117600.0
4096,40,8,4,8,15,64,2,32,2,0,65536,0,2,15,2,True,866506,5.22389,392270.0
4096,40,8,4,8,17,16,16,64,2,0,131072,0,1,9,2,True,824273,12.6251,793578.0
4096,40,8,5,8,13,16,16,128,3,0,32768,1,4,5,2,True,493668,78.0005,6347500.0
4096,80,16,1,4,12,16,2,128,4,1,32768,0,4,12,2,True,1322902,7.12117,231558.0
4096,80,16,1,4,17,16,16,64,2,1,131072,1,1,10,1,True,476452,90.1056,6452840.0
4096,80,16,1,4,20,32,16,128,2,1,131072,0,4,11,1,True,1073280,17.6349,390591.0
4096,80,16,1,8,20,64,4,32,3,0,16384,0,2,9,1,True,981048,5.48191,60187.9
4096,80,16,2,4,15,16,4,64,1,0,65536,0,4,10,2,True,1005686,8.06674,490282.0
4096,80,16,2,8,16,16,8,32,2,0,16384,1,2,12,2,True,460848,77.7459,6161660.0
4096,80,16,3,8,15,32,2,32,3,0,65536,0,4,7,2,True,1117760,5.53543,392526.0
4096,80,16,4,8,18,16,16,128,3,0,131072,0,2,12,1,True,981577,9.56693,469965.0
4096,24,4,1,4,12,32,16,32,4,1,16384,1,1,15,2,True,471094,156.104,12139500.0
4096,24,4,1,4,13,32,1,64,2,0,32768,1,3,11,2,True,1747945,150.97,12190200.0
4096,24,4,2,4,19,16,2,32,1,0,32768,1,2,4,2,True,421418,78.8153,6211300.0
4096,24,4,2,8,12,16,8,32,2,1,16384,1,2,14,1,True,461322,77.0952,6051440.0
4096,24,4,2,8,20,32,1,64,2,1,16384,1,4,8,1,True,1312652,149.308,12031800.0
4096,24,4,4,4,11,32,4,64,1,0,16384,0,3,8,2,True,874639,2.10296,123425.0
4096,24,4,4,4,15,32,4,32,3,1,32768,1,2,7,1,True,410990,150.518,12079200.0
4096,24,4,4,4,19,16,4,128,1,1,131072,0,4,13,1,True,983655,8.8031,448668.0
4096,24,4,4,8,20,64,16,32,1,0,65536,1,3,9,1,True,367933,171.033,13659600.0
4096,48,8,2,4,10,16,8,128,4,1,32768,1,1,13,2,True,500158,78.7181,6214630.0
4096,48,8,2,4,18,16,2,64,1,0,32768,0,4,12,1,True,1021606,4.17583,112927.0
4096,48,8,3,8,14,64,1,128,1,0,131072,0,4,5,1,True,940557,8.69778,340899.0
4096,48,8,4,8,14,32,16,64,3,1,65536,1,3,15,1,True,444158,152.462,12157500.0
4096,48,8,5,8,12,64,2,64,4,0,16384,1,4,6,2,True,490807,167.911,13571200.0
4096,48,8,5,8,17,64,2,64,1,0,32768,0,2,7,2,True,803774,3.13176,207013.0
4096,48,8,5,8,18,16,16,64,2,1,16384,1,3,11,2,True,430316,77.1403,6204370.0
4096,96,16,1,4,17,32,4,128,3,0,16384,1,3,5,1,True,517764,152.546,12026000.0
4096,96,16,1,4,18,16,8,64,2,0,65536,1,4,9,2,True,570348,83.9245,6474170.0
4096,96,16,1,8,19,32,4,64,2,1,131072,0,2,8,1,True,920224,18.4518,450545.0
4096,96,16,2,4,19,32,4,128,3,0,16384,0,3,10,2,True,1047399,2.8829,123943.0
4096,96,16,3,4,17,32,1,128,3,1,32768,0,1,14,1,True,1485642,2.51687,111549.0
4096,96,16,4,4,15,32,16,64,4,1,65536,0,2,10,2,True,1029367,6.77005,410153.0
4096,96,16,4,4,15,64,4,32,1,1,16384,0,3,11,1,True,860742,1.9877,58357.6
4096,96,16,5,8,11,16,4,64,1,1,16384,1,4,7,2,True,432980,76.1102,6163230.0
4096,96,16,5,8,20,64,4,32,2,1,131072,1,1,7,1,True,332602,173.024,13839200.0
4096,28,4,1,4,20,16,4,128,4,0,16384,1,2,13,2,True,565239,79.5321,6160290.0
4096,28,4,1,8,13,32,16,32,1,1,16384,1,1,13,1,True,374768,155.951,12041600.0
4096,28,4,2,4,13,64,4,32,1,1,65536,0,1,16,1,True,709440,7.11878,199299.0
4096,28,4,2,8,13,16,16,128,1,1,16384,1,2,13,2,True,420893,79.5537,6200130.0
4096,56,8,1,4,20,64,8,64,1,1,32768,1,1,10,1,True,347316,173.884,13560600.0
4096,56,8,1,8,13,64,16,64,4,1,65536,1,3,8,1,True,504450,175.281,13656600.0
4096,56,8,1,8,16,64,4,128,1,0,16384,0,4,7,2,True,981053,5.09586,110905.0
4096,56,8,2,4,11,64,16,32,3,1,131072,1,3,7,1,True,462054,175.104,13804500.0
4096,56,8,2,8,10,32,2,32,4,0,16384,0,2,4,2,True,1075792,2.73402,123887.0
4096,56,8,2,8,14,16,4,64,2,0,32768,1,1,7,2,True,416274,79.0212,6261200.0
4096,56,8,4,4,18,16,2,128,3,0,65536,0,3,5,1,True,1065964,4.63692,304954.0
4096,56,8,4,4,20,64,1,32,3,0,131072,0,4,10,1,True,1098626,7.28029,340544.0
4096,56,8,5,4,13,64,4,32,3,0,131072,0,4,13,2,True,1109264,7.81458,875781.0
4096,56,8,5,4,16,16,16,128,3,1,65536,1,4,15,1,True,497286,78.6041,6199220.0
4096,112,16,1,8,19,16,2,32,1,1,16384,1,1,12,1,True,442071,79.6495,6051950.0
4096,112,16,2,8,10,16,1,64,3,0,16384,1,3,13,2,True,1107375,75.8079,6177620.0
4096,112,16,3,8,12,32,16,128,2,0,65536,1,2,4,1,True,404805,153.194,12153000.0
4096,112,16,4,4,17,32,1,64,2,0,65536,0,2,8,2,True,875758,5.4098,393841.0
4096,112,16,4,8,19,64,4,128,2,0,65536,1,3,15,1,True,399399,170.27,13661000.0
4096,112,16,5,4,16,64,16,32,3,1,32768,1,1,11,1,True,364348,169.215,13576900.0
4096,112,16,5,8,13,16,2,32,3,1,131072,0,3,5,2,True,1048722,9.12084,1149970.0
4096,112,16,5,8,17,16,4,64,4,1,65536,1,1,7,2,True,422501,79.0831,6475580.0
4096,112,16,5,8,19,64,2,64,2,1,32768,0,1,15,1,True,799054,2.57278,112436.0
4096,32,4,1,4,19,32,16,64,2,0,32768,1,4,6,2,True,515496,157.147,12223400.0
4096,32,4,1,8,15,32,1,64,1,0,65536,1,2,9,1,True,414166,156.434,12159600.0
4096,32,4,1,8,19,16,4,128,4,0,32768,1,1,10,2,True,532621,81.2422,6262510.0
4096,32,4,2,8,20,32,2,32,2,1,32768,1,3,14,1,True,448274,151.423,12075100.0
4096,32,4,3,4,12,16,1,128,4,1,32768,0,4,16,2,True,1834417,3.01651,226551.0
4096,32,4,3,4,20,32,1,128,4,0,16384,0,4,9,1,True,1918649,1.50834,69540.1
4096,32,4,4,8,10,64,1,32,2,0,16384,1,4,13,1,True,1190292,167.469,13520700.0
4096,32,4,5,4,13,16,1,32,4,1,65536,0,1,14,1,True,971321,4.41342,306848.0
4096,64,8,1,8,12,16,4,32,2,1,16384,0,1,7,1,True,898770,6.37906,70746.7
4096,64,8,1,8,12,64,8,64,4,0,32768,1,3,14,2,True,505191,172.893,13667000.0
4096,64,8,2,8,17,16,1,64,1,0,16384,1,2,12,2,True,998143,75.8972,6177620.0
4096,64,8,2,8,19,64,8,32,1,1,65536,1,3,12,1,True,396898,171.75,13658700.0
4096,64,8,3,4,10,32,4,64,2,1,32768,1,1,11,1,True,373818,151.014,12074700.0
4096,64,8,3,8,20,64,4,64,2,1,65536,0,2,16,2,True,861618,6.11081,361169.0
4096,64,8,4,8,12,64,1,64,1,0,65536,1,4,9,2,True,398944,170.846,13856200.0
4096,64,8,4,8,18,64,8,64,3,1,32768,1,2,7,2,True,397618,169.464,13670000.0
4096,64,8,5,4,13,32,2,128,3,0,131072,1,4,10,1,True,472004,154.397,12419100.0
4096,64,8,5,4,18,64,2,128,4,1,65536,1,4,10,1,True,490929,169.766,13656700.0
4096,64,8,5,4,19,16,2,64,1,1,16384,0,1,15,2,True,739925,2.6369,174732.0
4096,64,8,5,4,20,32,4,32,1,1,65536,0,2,11,1,True,791295,4.44179,242168.0
4096,64,8,5,8,20,32,1,32,3,1,65536,1,4,5,1,True,471914,151.521,12162500.0
4096,128,16,1,4,18,16,4,64,2,1,16384,0,3,6,1,True,1049495,5.59253,70746.7
4096,128,16,1,8,14,16,8,128,2,0,131072,1,1,9,2,True,466994,91.1381,6893660.0
4096,128,16,3,8,14,32,2,128,2,1,32768,0,4,7,2,True,1048364,3.80012,280585.0
4096,128,16,4,4,19,32,4,128,4,1,16384,0,1,9,2,True,950863,2.01318,123425.0
4096,128,16,4,8,10,32,4,64,2,0,65536,0,1,5,2,True,794893,5.89294,489873.0
4096,128,16,4,8,19,32,4,32,3,0,16384,1,2,16,1,True,411021,149.753,12029000.0
4096,128,16,5,4,15,16,4,128,2,0,65536,1,2,15,2,True,395300,79.1831,6475580.0
4096,36,4,1,4,19,64,2,64,4,0,65536,1,3,10,1,True,504450,173.458,13653700.0
4096,36,4,2,4,11,64,2,32,1,0,65536,1,2,9,1,True,365345,171.717,13652400.0
4096,36,4,2,8,15,16,8,128,2,1,32768,1,2,16,2,True,460849,78.9502,6214630.0
4096,36,4,2,8,15,16,16,128,1,1,131072,1,4,11,1,True,512612,84.4404,6451530.0
4096,36,4,3,4,10,32,4,32,3,1,16384,1,3,6,2,True,469858,150.014,12085900.0
4096,36,4,3,8,19,64,16,64,3,1,131072,0,2,13,2,True,939183,13.394,825484.0
4096,36,4,4,4,15,64,2,128,4,0,32768,0,1,11,2,True,959593,3.20524,207038.0
4096,36,4,5,4,17,32,8,32,4,0,65536,0,4,8,1,True,1185255,3.98508,242615.0
4096,36,4,5,4,19,32,8,32,2,1,65536,1,3,11,1,True,407853,151.873,12209500.0
4096,72,8,1,8,20,32,4,64,3,1,131072,1,2,13,1,True,478167,160.732,12412600.0
4096,72,8,2,4,13,32,8,128,2,1,16384,0,3,10,1,True,968486,3.29333,63190.6
4096,72,8,3,4,12,16,16,32,4,1,32768,1,2,4,2,True,491390,79.0337,6343090.0
4096,72,8,3,4,18,16,4,32,3,0,16384,1,1,6,2,True,427889,76.7822,6158820.0
4096,72,8,3,8,15,32,4,64,1,0,131072,1,1,9,1,True,342407,156.272,12411200.0
4096,72,8,5,8,12,64,2,64,1,0,32768,0,2,12,2,True,801089,3.13691,207013.0
4096,72,8,5,8,13,64,2,32,1,1,16384,1,3,8,1,True,365911,167.995,13520600.0
4096,144,16,1,4,12,64,8,128,2,1,16384,0,1,13,1,True,802675,6.95765,64496.8
4096,144,16,1,4,13,16,4,64,1,1,65536,0,3,8,2,True,1029419,12.5494,491594.0
4096,144,16,1,4,15,64,4,32,4,1,131072,0,4,8,1,True,1195542,14.5373,378891.0
4096,144,16,1,8,16,64,8,64,3,0,131072,1,1,4,2,True,408811,180.982,14212100.0
4096,144,16,1,8,17,16,16,64,1,1,131072,1,2,14,2,True,476853,93.8805,6776460.0
4096,144,16,1,8,18,64,8,64,1,1,32768,0,3,10,1,True,878826,7.78368,103281.0
4096,144,16,1,8,20,64,16,64,4,0,65536,1,1,12,1,True,438139,176.216,13656600.0
4096,144,16,2,4,12,32,16,128,1,1,32768,1,2,10,2,True,383770,154.516,12222000.0
4096,144,16,2,4,13,64,1,128,2,0,32768,1,4,13,1,True,1482869,168.297,13569100.0
4096,144,16,2,8,12,32,2,32,4,0,32768,0,2,16,2,True,1056650,4.85136,280748.0
4096,144,16,3,4,17,64,2,64,3,1,65536,0,1,10,1,True,867464,4.91101,194894.0
4096,144,16,3,4,20,64,4,32,2,1,16384,0,4,12,2,True,1019399,2.14973,109429.0
4096,144,16,3,8,20,64,8,32,4,0,16384,0,1,11,2,True,938338,3.05301,130874.0
4096,144,16,4,8,14,32,2,128,2,0,131072,1,1,12,1,True,347146,155.408,12419200.0
4096,144,16,5,4,19,32,4,64,2,0,32768,1,2,8,2,True,377266,150.845,12173500.0
4096,144,16,5,8,15,16,2,32,2,1,16384,1,1,6,2,True,359296,76.2846,6160570.0
4096,40,4,1,4,19,64,4,32,3,0,16384,1,1,14,2,True,408806,171.704,13568300.0
4096,40,4,1,4,20,16,4,128,2,1,32768,1,2,14,1,True,509109,80.3737,6119070.0
4096,40,4,1,8,11,64,8,32,1,0,16384,0,3,15,1,True,879509,6.41993,64496.8
4096,40,4,1,8,12,32,2,32,2,1,65536,1,4,6,2,True,506184,156.667,12356100.0
4096,40,4,2,4,14,64,8,32,3,0,16384,1,3,9,2,True,459836,169.536,13588400.0
4096,40,4,2,4,16,16,2,128,1,1,16384,1,3,13,2,True,461323,77.4871,6156320.0
4096,40,4,2,4,17,64,4,128,4,0,16384,0,3,7,1,True,1105590,2.71892,58875.8
4096,40,4,2,4,18,64,4,32,1,1,32768,0,4,12,1,True,948002,4.0339,101283.0
4096,40,4,2,8,12,64,4,128,3,1,16384,1,4,15,2,True,490312,168.886,13567000.0
4096,40,4,3,8,19,64,8,128,1,1,32768,1,2,15,1,True,360829,169.462,13559200.0
4096,40,4,3,8,20,32,2,128,4,0,65536,0,2,6,1,True,1040020,4.72057,194813.0
4096,40,4,4,4,11,16,1,64,2,1,65536,0,3,10,2,True,983523,5.66115,473880.0
4096,40,4,4,8,14,32,2,128,1,0,131072,0,1,7,1,True,717062,9.2047,452260.0
4096,40,4,4,8,18,64,1,128,4,0,32768,0,2,7,1,True,1785301,2.00572,111217.0
4096,40,4,5,4,12,32,4,64,4,0,131072,1,3,13,1,True,470654,154.428,12415600.0
4096,80,8,1,4,12,16,4,64,4,0,16384,0,2,4,1,True,1127693,5.26731,70746.7
4096,80,8,1,4,20,64,1,128,2,0,32768,1,3,10,2,True,1977488,169.131,13663800.0
4096,80,8,1,8,15,16,2,64,3,1,65536,1,1,9,2,True,497868,84.0554,6454770.0
4096,80,8,3,8,18,64,16,128,1,0,131072,0,4,8,2,True,941791,13.3748,825484.0
4096,80,8,3,8,20,32,8,128,4,0,16384,0,4,12,1,True,1193442,2.14309,63027.2
4096,80,8,4,4,20,32,8,32,3,0,32768,0,2,15,1,True,951876,2.9345,113583.0
4096,80,8,4,8,18,32,8,128,1,0,32768,1,1,7,2,True,315384,151.597,12174800.0
4096,80,8,5,4,20,32,16,64,2,1,16384,1,4,12,1,True,440427,150.001,12044500.0
4096,80,8,5,8,20,32,8,32,3,0,131072,1,1,7,2,True,374394,156.208,12878100.0
4096,160,16,1,8,12,32,4,128,2,1,131072,0,2,14,1,True,920224,18.4518,450545.0
4096,160,16,2,4,15,32,1,128,2,0,65536,1,1,16,2,True,382416,154.409,12356500.0
4096,160,16,4,8,10,32,8,64,4,1,65536,0,4,14,1,True,1189793,4.2785,242639.0
4096,160,16,4,8,12,32,2,128,1,0,16384,1,4,7,1,True,413551,149.714,12036000.0
4096,160,16,5,4,15,16,1,64,2,1,65536,0,3,6,2,True,974083,5.24226,473855.0
4096,160,16,5,4,16,16,1,32,1,1,16384,0,2,6,1,True,1256722,1.54522,69147.5
4096,44,4,1,4,13,64,4,128,4,0,65536,0,2,5,1,True,1041830,9.01537,200611.0
4096,44,4,1,8,14,64,16,32,3,0,32768,1,3,10,2,True,473274,175.531,13718600.0
4096,44,4,3,4,13,32,16,64,3,0,32768,0,4,15,1,True,1113234,3.92098,115093.0
4096,44,4,3,8,13,64,16,32,1,0,65536,0,4,7,2,True,940550,9.38919,518166.0
4096,44,4,4,8,16,32,1,64,3,1,16384,1,4,15,2,True,1078705,149.239,12089000.0
4096,44,4,5,4,11,32,8,64,3,1,16384,0,3,4,2,True,1026069,2.19861,130524.0
4096,44,4,5,4,12,16,4,128,2,1,131072,0,4,8,1,True,1054069,7.98981,448644.0
4096,44,4,5,4,12,16,16,32,3,0,131072,1,2,14,2,True,428011,84.0173,6779390.0
4096,44,4,5,8,11,32,4,64,2,0,16384,0,3,9,1,True,949400,1.71899,62077.8
4096,44,4,5,8,16,64,16,32,2,1,32768,1,2,11,1,True,365446,169.211,13576900.0
4096,88,8,1,4,16,16,4,64,4,0,16384,0,4,5,1,True,1310279,4.65907,70746.7
4096,88,8,1,8,16,64,1,32,4,0,16384,0,2,15,2,True,2689823,2.34148,110840.0
4096,88,8,2,4,15,16,16,128,3,0,131072,0,4,9,1,True,1172449,11.9874,470483.0
4096,88,8,2,4,16,32,8,64,4,1,131072,0,4,16,1,True,1203544,10.3911,467713.0
4096,88,8,3,8,11,64,16,64,1,0,16384,0,2,14,1,True,783587,3.92401,77965.9
4096,88,8,3,8,13,16,16,64,3,1,32768,1,2,16,1,True,462319,77.8748,6160900.0
4096,88,8,3,8,13,32,8,32,3,1,65536,1,4,4,1,True,502027,152.24,12205100.0
4096,88,8,3,8,13,64,8,64,1,0,16384,0,1,14,2,True,702794,3.74256,130874.0
4096,88,8,3,8,18,16,8,128,2,0,131072,1,3,7,2,True,462758,84.247,6892180.0
4096,88,8,4,4,11,32,8,64,3,0,16384,0,1,5,2,True,871513,2.7398,130549.0
4096,88,8,4,4,12,32,8,32,4,0,32768,0,3,8,2,True,1108980,3.3437,207853.0
4096,88,8,5,4,12,64,8,32,1,1,32768,0,4,9,2,True,942638,3.10372,207789.0
4096,88,8,5,4,16,32,8,64,1,1,131072,1,4,11,2,True,408338,156.049,12878100.0
4096,88,8,5,8,16,32,2,32,3,1,32768,1,3,13,2,True,438791,150.643,12247100.0
4096,176,16,1,8,18,16,4,64,2,0,16384,0,3,16,2,True,1049923,6.85454,179245.0
4096,176,16,1,8,19,16,2,64,1,1,16384,0,1,9,1,True,849060,6.48852,70899.4
4096,176,16,2,4,14,16,4,32,4,0,16384,1,2,6,1,True,524120,76.6854,6050480.0
4096,176,16,3,8,12,16,4,128,4,0,16384,0,1,10,1,True,981307,2.44815,69271.2
4096,176,16,3,8,12,32,8,64,2,1,32768,0,4,15,1,True,1036632,3.26138,113938.0
4096,176,16,3,8,18,32,1,64,2,1,131072,0,4,15,2,True,1035625,9.78256,878456.0
4096,176,16,4,8,16,32,1,64,2,1,131072,1,4,13,1,True,446109,154.847,12419000.0
4096,176,16,5,4,19,16,8,32,4,1,16384,0,3,4,1,True,1129466,1.79269,69850.0
4096,48,4,3,4,13,64,4,32,3,1,32768,0,2,13,1,True,940323,3.13335,101119.0
4096,48,4,3,8,19,16,16,64,4,1,131072,1,3,13,2,True,525479,84.9293,6774980.0
4096,48,4,4,4,10,64,4,128,3,0,32768,0,3,14,1,True,1018925,2.58248,100764.0
4096,48,4,4,4,12,16,4,128,2,1,65536,1,3,16,2,True,437003,79.3883,6475620.0
4096,48,4,4,4,12,32,2,32,4,1,131072,0,1,9,2,True,950766,9.12332,876075.0
4096,48,4,4,4,14,16,4,128,4,1,32768,1,4,16,2,True,535011,77.126,6265500.0
4096,48,4,4,8,11,64,1,64,4,1,65536,1,1,6,1,True,397776,170.194,13657900.0
4096,48,4,5,4,19,16,8,32,4,1,131072,0,1,12,2,True,966469,9.84808,910752.0
4096,48,4,5,4,20,64,16,64,2,0,16384,1,4,13,1,True,429327,168.387,13539700.0
4096,48,4,5,8,14,64,16,64,1,0,32768,0,3,4,2,True,859404,4.62885,259360.0
4096,96,8,2,4,13,32,16,128,3,0,65536,1,2,10,2,True,445546,155.903,12372800.0
4096,96,8,2,4,14,16,2,64,3,0,32768,0,1,15,2,True,928937,5.47268,230246.0
4096,96,8,2,8,18,64,2,64,2,1,16384,1,2,13,1,True,395768,169.153,13516400.0
4096,96,8,3,8,10,64,8,32,4,1,65536,1,1,4,1,True,422059,170.68,13658500.0
4096,96,8,4,4,17,64,1,128,3,1,32768,1,1,14,2,True,1011228,168.492,13666800.0
4096,96,8,4,4,18,32,1,32,1,1,16384,1,3,7,1,True,957423,149.135,12036100.0
4096,96,8,4,8,19,32,2,64,2,0,65536,0,4,12,2,True,1037390,5.07636,392172.0
4096,96,8,4,8,20,64,2,64,1,0,32768,0,3,13,1,True,886421,2.73128,112461.0
4096,96,8,5,4,13,64,16,32,3,1,16384,1,3,14,2,True,427561,169.224,13648700.0
4096,192,16,1,4,16,32,4,32,2,1,32768,0,2,15,1,True,917802,7.4625,114108.0
4096,192,16,1,4,19,64,1,128,4,0,32768,1,1,5,1,True,1913541,168.774,13570400.0
4096,192,16,1,8,19,16,4,32,3,1,32768,1,2,9,2,True,533850,81.2299,6262510.0
4096,192,16,2,4,17,64,1,32,3,0,32768,1,2,14,1,True,1402291,168.332,13569100.0
4096,192,16,2,8,10,16,16,128,2,1,131072,0,1,16,1,True,846155,14.2898,470483.0
4096,192,16,3,4,19,64,16,32,1,0,32768,0,1,9,1,True,703922,5.10935,115085.0
4096,192,16,3,4,20,32,4,32,1,0,16384,0,3,11,2,True,876880,2.47463,123780.0
4096,192,16,3,8,20,64,2,32,3,1,16384,0,3,14,2,True,1077390,2.02073,109387.0
4096,192,16,4,4,14,16,4,128,3,0,16384,1,4,16,1,True,504039,75.804,6054780.0
4096,192,16,4,8,11,64,4,32,3,1,16384,0,2,5,2,True,938757,1.9183,109074.0
4096,192,16,5,8,11,16,4,64,4,0,32768,1,1,12,2,True,422276,77.14,6265450.0
4096,192,16,5,8,12,64,1,64,3,0,131072,1,1,7,1,True,364108,172.815,13802700.0
4096,52,4,1,4,16,64,8,64,1,1,32768,1,4,15,2,True,439793,173.603,13667000.0
4096,52,4,1,8,13,16,4,32,1,1,131072,0,4,12,2,True,1049430,19.2844,1151260.0
4096,52,4,3,4,10,32,1,64,1,1,16384,1,2,11,1,True,976468,149.222,12031600.0
4096,52,4,3,4,19,16,2,128,1,0,65536,0,3,12,1,True,910765,5.5849,305309.0
4096,52,4,4,4,20,32,2,64,4,0,32768,0,2,11,1,True,1042658,2.63029,112453.0
4096,52,4,4,8,11,16,1,64,3,0,131072,1,4,5,2,True,503011,82.6972,7138510.0
4096,52,4,5,4,12,64,8,32,1,1,16384,1,2,8,1,True,333802,168.193,13524800.0
4096,52,4,5,4,13,64,8,64,1,0,16384,1,1,6,2,True,301274,168.695,13592600.0
4096,52,4,5,4,18,64,2,64,2,1,65536,0,3,12,2,True,947885,4.6174,392246.0
4096,104,8,1,4,18,32,8,128,3,1,131072,1,3,12,1,True,517657,160.529,12431100.0
4096,104,8,1,8,10,16,1,128,3,1,131072,0,2,8,1,True,1048860,17.8498,453849.0
4096,104,8,2,8,17,32,1,32,4,0,65536,0,4,6,2,True,1206001,6.46512,394360.0
4096,104,8,2,8,17,64,8,128,1,0,32768,0,4,7,1,True,946508,4.22257,101969.0
4096,104,8,3,4,13,32,2,128,3,0,16384,1,2,12,2,True,435713,150.04,12085800.0
4096,104,8,4,4,17,32,4,64,4,1,131072,0,1,5,2,True,950598,9.20276,875593.0
4096,104,8,4,8,13,32,4,64,2,1,16384,0,4,7,2,True,1032879,1.93139,123425.0
4096,104,8,5,4,16,64,8,64,2,1,65536,1,1,14,2,True,331556,171.062,13824100.0
4096,104,8,5,8,20,64,4,32,2,1,65536,1,4,15,1,True,429412,169.944,13660900.0
4096,208,16,2,8,14,32,16,64,3,0,65536,1,1,8,1,True,413624,154.397,12153200.0
4096,208,16,2,8,17,64,8,128,4,1,65536,1,3,13,2,True,490611,172.135,13819800.0
4096,208,16,2,8,20,64,2,64,2,0,16384,1,3,10,1,True,429446,168.992,13516400.0
4096,208,16,3,8,17,16,1,128,2,1,131072,1,2,8,1,True,436534,82.5826,6433420.0
4096,208,16,4,8,15,32,8,64,4,0,32768,1,4,11,2,True,506653,150.906,12174800.0
4096,208,16,4,8,17,16,4,64,2,0,32768,1,3,15,2,True,437003,77.3909,6265500.0
4096,208,16,4,8,18,64,16,32,4,1,32768,1,4,8,2,True,492548,170.065,13721600.0
4096,208,16,4,8,19,64,16,32,4,0,131072,1,4,16,1,True,493240,173.14,13808800.0
4096,208,16,4,8,20,32,16,32,4,0,65536,0,2,8,2,True,1030156,6.76767,410153.0
4096,208,16,5,4,15,64,4,32,2,1,131072,0,1,11,2,True,780003,8.67359,875781.0
4096,208,16,5,4,16,64,4,128,2,1,65536,1,2,6,1,True,365168,170.109,13660900.0
4096,208,16,5,8,18,32,2,32,1,1,131072,0,1,14,2,True,710430,9.33606,876050.0
4096,208,16,5,8,18,64,8,64,3,0,32768,1,3,14,2,True,427402,169.123,13669900.0
4096,56,4,1,8,12,64,2,128,4,0,131072,1,4,12,1,True,537175,177.316,13799900.0
4096,56,4,2,4,13,64,1,64,3,0,16384,1,1,6,2,True,1326561,167.829,13566900.0
4096,56,4,2,8,10,32,8,64,1,0,16384,1,2,13,2,True,383770,151.724,12093200.0
4096,56,4,3,4,12,64,8,64,1,1,65536,1,1,5,1,True,327888,171.165,13658500.0
4096,56,4,3,4,14,64,16,128,3,0,16384,0,1,9,2,True,860414,5.38637,186977.0
4096,56,4,3,4,18,64,2,128,2,0,32768,1,2,6,1,True,390777,169.19,13570200.0
4096,56,4,3,8,13,64,16,64,2,1,16384,0,4,9,1,True,1019335,3.23495,77965.9
4096,56,4,4,4,18,16,4,64,4,0,131072,1,3,15,1,True,502591,81.6052,6434530.0
4096,56,4,4,8,15,32,16,32,2,1,131072,0,3,5,2,True,952216,12.1881,824928.0
4096,56,4,5,4,13,32,4,64,2,1,131072,0,4,4,1,True,1028471,7.37085,448690.0
4096,56,4,5,4,17,32,16,128,4,0,32768,1,1,12,1,True,404789,150.796,12081600.0
4096,56,4,5,8,10,16,8,128,1,0,131072,0,1,6,2,True,730493,10.7269,910752.0
4096,112,8,1,4,18,32,16,64,3,1,65536,0,3,8,2,True,1071234,15.9178,411984.0
4096,112,8,2,8,15,64,16,128,1,0,131072,1,4,12,1,True,429266,175.388,13804500.0
4096,112,8,3,4,17,64,8,128,3,1,32768,0,2,9,2,True,939450,4.04873,208168.0
4096,112,8,5,4,18,32,16,128,3,1,65536,1,1,14,1,True,374417,152.376,12157400.0
4096,112,8,5,8,13,16,4,128,4,1,131072,0,3,11,2,True,1127243,9.0456,1149400.0
4096,112,8,5,8,16,64,4,32,3,1,32768,1,2,7,2,True,395349,169.081,13668800.0
4096,224,16,2,8,18,16,1,32,2,1,16384,0,1,11,2,True,1566968,2.37277,196566.0
4096,224,16,3,4,14,32,8,128,4,0,32768,0,4,15,1,True,1192267,3.02919,113938.0
4096,224,16,3,8,10,16,8,64,1,1,131072,0,2,7,2,True,827965,12.4244,911131.0
4096,224,16,3,8,15,16,16,32,4,0,65536,1,1,14,1,True,461314,79.6716,6194810.0
4096,224,16,4,8,14,16,16,128,2,0,65536,0,3,16,1,True,981598,5.71737,213404.0
4096,224,16,4,8,19,16,1,128,1,1,131072,0,4,5,1,True,982208,8.76279,452019.0
4096,224,16,5,4,11,64,8,32,3,0,131072,0,4,10,1,True,1108675,6.9747,386396.0
4096,224,16,5,4,13,16,8,128,3,0,131072,1,3,4,2,True,462369,83.02,6896590.0
4096,224,16,5,4,17,16,16,32,4,1,32768,1,2,5,2,True,459394,78.1186,6347500.0
4096,224,16,5,8,11,16,8,64,4,1,32768,0,1,10,1,True,970043,2.87706,136661.0
4096,224,16,5,8,14,16,16,128,1,0,65536,0,2,12,1,True,814866,5.62566,213379.0
4096,224,16,5,8,19,32,2,128,3,0,65536,0,3,9,2,True,1029183,4.7021,392147.0
4096,60,4,1,4,13,16,16,64,1,0,131072,0,1,6,1,True,820647,23.3857,471795.0
4096,60,4,1,4,14,32,8,64,1,0,32768,1,2,9,2,True,413347,156.072,12171800.0
4096,60,4,1,8,17,64,2,128,2,0,32768,1,4,13,2,True,473053,172.847,13666200.0
4096,60,4,3,4,11,16,1,128,2,0,16384,1,4,5,1,True,970807,75.4204,6050580.0
4096,60,4,3,4,12,32,8,32,3,0,32768,1,1,7,1,True,403085,151.012,12076000.0
4096,60,4,3,4,14,64,16,64,2,1,131072,0,3,16,2,True,941441,13.3773,825484.0
4096,60,4,4,8,13,32,1,32,3,1,65536,1,4,16,1,True,476603,151.735,12162600.0
4096,60,4,5,8,12,32,16,32,3,1,16384,1,4,15,1,True,471764,149.93,12044500.0
4096,60,4,5,8,13,32,1,64,2,0,16384,1,4,15,1,True,961212,149.048,12036000.0
4096,60,4,5,8,14,32,16,64,2,0,32768,1,2,4,2,True,377266,151.907,12226300.0
4096,60,4,5,8,19,16,4,128,4,0,65536,0,3,6,1,True,1129879,4.37159,322580.0
4096,120,8,1,8,14,16,8,128,1,1,131072,1,1,10,1,True,439679,90.0923,6450050.0
4096,120,8,1,8,20,32,1,64,4,0,16384,1,1,10,1,True,1668172,149.848,12033100.0
4096,120,8,3,4,13,64,1,128,4,1,32768,0,3,11,1,True,1970433,2.14884,111572.0
4096,120,8,4,8,18,64,4,32,3,1,16384,0,3,14,2,True,1017494,1.84026,109074.0
4096,120,8,5,8,12,64,4,32,3,1,65536,1,4,12,1,True,459857,169.881,13660900.0
4096,120,8,5,8,17,16,8,32,2,1,16384,1,4,6,1,True,465865,75.7661,6055690.0
4096,120,8,5,8,17,32,4,128,1,0,16384,0,3,11,1,True,870842,1.80351,62077.8
4096,240,16,1,4,19,16,4,32,4,1,65536,1,2,13,1,True,567685,82.2502,6305480.0
4096,240,16,1,8,19,16,1,32,1,1,131072,1,1,10,2,True,438673,90.6046,7135530.0
4096,240,16,2,4,10,32,16,64,3,1,16384,0,2,16,1,True,965571,4.68903,78161.3
4096,240,16,2,8,15,16,16,64,1,0,16384,0,3,6,1,True,927733,5.02413,106812.0
4096,240,16,3,4,10,32,4,32,2,1,131072,1,4,13,1,True,471456,155.357,12411200.0
4096,240,16,3,4,17,64,4,64,1,0,32768,0,3,10,2,True,861614,4.07409,207032.0
4096,240,16,3,8,12,32,1,128,1,0,32768,1,4,6,2,True,1078522,150.216,12188700.0
4096,240,16,3,8,13,16,8,64,4,1,16384,1,1,6,2,True,458713,76.8388,6161490.0
4096,240,16,3,8,14,64,16,64,2,0,131072,0,3,15,1,True,941500,9.33358,346959.0
4096,240,16,4,4,12,32,4,32,1,0,32768,1,1,4,2,True,315062,151.425,12173600.0
4096,240,16,4,8,16,32,8,64,4,0,131072,0,4,10,2,True,1189717,8.91252,911218.0
4096,240,16,5,4,10,16,8,64,1,1,65536,0,1,4,2,True,730124,6.29,491263.0
4096,240,16,5,4,14,16,1,32,2,1,32768,0,3,5,1,True,1427776,2.27175,111116.0
4096,240,16,5,4,17,16,8,128,3,0,65536,0,3,16,1,True,1051614,4.59868,323273.0
4096,240,16,5,8,11,16,8,32,3,0,65536,1,4,14,2,True,493405,79.0638,6477100.0
4096,64,4,1,4,12,16,16,64,1,1,131072,1,4,7,2,True,543548,92.3427,6776460.0
4096,64,4,1,4,19,32,2,64,3,1,32768,1,3,9,2,True,509538,154.513,12244200.0
4096,64,4,1,4,20,32,1,64,2,1,65536,0,3,13,2,True,995216,11.4681,395672.0
4096,64,4,1,8,13,32,1,32,1,1,32768,1,2,12,2,True,1663755,151.04,12190200.0
4096,64,4,2,8,10,64,8,32,4,0,32768,0,1,6,2,True,945775,5.2275,208332.0
4096,64,4,3,4,13,16,2,128,3,0,131072,1,2,10,1,True,462405,82.4346,6433600.0
4096,64,4,3,4,17,64,1,128,2,0,16384,0,4,13,2,True,1904764,1.50379,109364.0
4096,64,4,4,4,11,32,1,64,4,0,32768,0,1,12,2,True,1523911,2.69401,226277.0
4096,64,4,4,4,15,16,16,32,1,0,32768,0,2,9,2,True,824698,5.8694,361689.0
4096,64,4,4,8,18,16,2,32,2,1,32768,0,4,4,1,True,1070538,2.81086,112409.0
4096,64,4,5,4,10,64,1,32,2,1,131072,1,4,14,2,True,428576,173.555,14191000.0
4096,64,4,5,4,20,16,16,64,3,0,65536,1,2,6,1,True,430314,78.8191,6199220.0
4096,64,4,5,8,16,32,16,128,1,1,131072,1,3,7,1,True,377243,155.289,12355600.0
4096,64,4,5,8,16,64,1,64,3,1,65536,1,2,13,2,True,395515,170.562,13856100.0
4096,128,8,1,8,19,16,1,32,1,0,16384,1,2,11,2,True,1411695,76.4641,6178930.0
4096,128,8,2,4,16,32,8,64,3,0,16384,0,1,7,1,True,885901,3.5237,63190.6
4096,128,8,2,8,13,32,4,128,3,0,131072,1,3,5,1,True,490514,156.484,12411300.0
4096,128,8,3,4,16,16,1,128,4,0,131072,1,3,6,2,True,525473,83.2172,7134050.0
4096,128,8,4,4,18,32,2,64,3,0,65536,1,2,10,1,True,411430,151.924,12161400.0
4096,128,8,4,8,15,32,4,128,2,0,65536,1,2,13,1,True,379810,152.147,12209100.0
4096,128,8,5,4,11,32,8,128,1,1,65536,0,2,4,1,True,791171,4.57883,242615.0
4096,256,16,1,4,11,16,1,128,3,0,16384,0,4,10,1,True,2455032,2.78182,71002.4
4096,256,16,1,8,16,32,2,128,1,0,32768,0,1,4,1,True,773397,8.35172,114283.0
4096,256,16,1,8,17,64,1,64,3,0,32768,0,4,8,2,True,2809760,3.87773,206438.0
4096,256,16,2,4,10,64,8,128,3,0,16384,0,3,15,1,True,1023362,3.07509,63184.6
4096,256,16,2,8,13,32,1,32,1,0,16384,0,3,6,2,True,1786026,1.98369,122633.0
4096,256,16,3,8,13,64,2,64,3,1,131072,0,2,11,1,True,941179,8.70772,341031.0
4096,256,16,4,4,10,16,8,32,3,1,65536,0,3,12,2,True,1058650,5.94215,491287.0
4096,256,16,4,4,19,64,8,64,4,1,16384,1,2,15,2,True,430215,168.54,13592700.0
4096,256,16,5,8,11,64,8,32,1,0,131072,1,1,7,2,True,301678,174.504,14215000.0
4096,256,16,5,8,13,32,16,128,3,1,32768,0,4,4,1,True,1106286,3.00227,114714.0
8192,0,4,1,4,15,64,16,64,3,1,65536,1,2,13,1,True,438226,176.215,13656600.0
8192,0,4,1,4,16,16,8,64,2,1,32768,1,2,15,1,True,508611,80.6428,6119570.0
8192,0,4,1,8,15,16,2,64,4,0,131072,0,1,9,2,True,1048841,19.0798,1151820.0
8192,0,4,1,8,18,64,1,128,1,1,131072,0,4,12,1,True,981056,16.4423,342375.0
8192,0,4,2,4,10,16,1,128,1,1,32768,0,3,14,2,True,1660504,3.80903,226714.0
8192,0,4,2,4,11,64,2,32,1,1,32768,0,4,13,2,True,980825,4.77605,207556.0
8192,0,4,2,4,20,64,1,32,1,0,32768,1,2,15,1,True,1331972,168.365,13569100.0
8192,0,4,3,4,11,32,1,32,2,1,16384,1,1,14,2,True,921279,149.39,12084600.0
8192,0,4,3,4,11,32,4,128,3,1,16384,1,3,4,1,True,470967,149.885,12024600.0
8192,0,4,3,8,18,64,16,64,3,1,16384,0,1,16,1,True,860413,3.65798,77965.9
8192,0,4,4,4,10,32,4,32,3,1,65536,1,1,4,2,True,377927,152.928,12456800.0
8192,0,4,4,4,11,32,1,64,1,0,32768,1,1,4,2,True,837826,150.238,12193200.0
8192,0,4,4,4,11,32,8,128,1,1,65536,1,4,6,1,True,413861,152.138,12209600.0
8192,0,4,4,4,20,16,2,128,2,0,65536,0,1,15,1,True,827558,5.12307,304954.0
8192,0,4,5,4,16,64,1,128,2,1,16384,1,1,8,2,True,857002,167.646,13571100.0
8192,0,4,5,4,17,32,2,128,3,0,65536,1,1,16,1,True,374417,151.766,12161300.0
8192,0,4,5,8,18,16,1,64,2,0,16384,0,3,9,1,True,1443797,1.4549,69147.5
8192,0,8,1,8,10,32,8,64,1,1,65536,1,1,7,1,True,379199,157.622,12206600.0
8192,0,8,1,8,11,64,2,128,1,1,65536,1,4,14,2,True,438983,175.392,13851500.0
8192,0,8,2,4,20,64,1,64,1,0,16384,1,1,4,2,True,1264410,167.856,13566900.0
8192,0,8,3,4,14,32,4,128,4,0,131072,1,3,10,2,True,502271,156.304,12838000.0
8192,0,8,3,4,17,64,1,32,3,0,65536,1,3,8,1,True,455056,170.363,13653500.0
8192,0,8,3,8,17,64,16,128,1,1,131072,1,4,8,2,True,423437,176.872,14282800.0
8192,0,8,4,4,13,64,2,64,2,1,65536,0,4,10,1,True,1028612,4.03457,194540.0
8192,0,8,4,4,17,64,4,64,3,1,131072,1,3,7,1,True,430224,172.964,13839200.0
8192,0,8,5,4,17,32,16,64,1,0,32768,1,2,12,2,True,345831,152.066,12226300.0
8192,0,8,5,8,10,16,2,32,2,0,32768,0,1,11,1,True,816024,2.86997,112385.0
8192,0,8,5,8,17,32,4,128,4,0,32768,1,2,15,1,True,438653,150.233,12079100.0
8192,0,8,5,8,20,64,1,128,2,0,65536,1,2,13,2,True,364804,170.661,13856100.0
8192,0,16,1,4,13,64,2,128,2,1,131072,1,2,10,2,True,409465,180.263,14186300.0
8192,0,16,1,8,13,32,1,128,1,0,131072,0,4,7,1,True,991545,17.4257,453934.0
8192,0,16,1,8,14,32,8,32,1,0,65536,0,4,13,1,True,989121,10.2624,244470.0
8192,0,16,1,8,20,64,16,128,3,0,16384,1,3,14,2,True,473047,174.533,13645800.0
8192,0,16,2,8,15,32,1,64,2,0,131072,1,3,12,2,True,446009,157.796,12840700.0
8192,0,16,3,4,19,64,4,64,3,1,131072,1,1,13,2,True,390480,174.82,14333500.0
8192,0,16,3,4,19,64,16,32,4,0,65536,0,3,10,1,True,1097344,5.71389,197807.0
8192,0,16,3,8,13,64,8,128,4,0,16384,0,4,16,1,True,1177400,2.09076,63021.2
8192,0,16,5,8,17,64,8,64,4,1,32768,1,1,6,2,True,393834,169.207,13669900.0
8192,0,16,5,8,20,64,8,64,2,1,65536,1,2,14,2,True,364696,170.924,13824100.0
8192,4,4,1,4,17,16,1,32,3,1,32768,1,1,10,2,True,1393416,77.7483,6209080.0
8192,4,4,1,8,18,64,4,128,3,0,16384,0,2,13,2,True,981045,5.09589,110905.0
8192,4,4,2,4,14,32,2,32,4,0,131072,1,3,10,2,True,508789,157.355,12838700.0
8192,4,4,2,8,12,64,8,64,1,0,131072,0,1,4,1,True,709573,13.192,386939.0
8192,4,4,2,8,17,32,8,64,4,1,32768,1,1,5,2,True,444036,152.402,12170500.0
8192,4,4,4,8,12,16,8,32,1,1,131072,0,3,14,1,True,904725,9.44513,467174.0
8192,4,4,4,8,13,64,16,32,4,1,65536,1,1,8,2,True,397424,172.774,13980000.0
8192,4,4,5,8,13,64,16,64,2,1,131072,0,1,16,1,True,780460,8.13462,346579.0
8192,8,8,1,8,13,16,2,64,3,1,32768,0,2,10,1,True,1061270,6.81117,114240.0
8192,8,8,3,8,17,16,2,128,4,0,16384,1,4,11,1,True,563550,75.8944,6050470.0
8192,8,8,4,4,10,64,8,32,2,0,131072,0,3,10,1,True,940129,7.98269,386421.0
8192,8,8,4,4,20,64,1,64,4,1,65536,1,1,11,1,True,397390,170.195,13657900.0
8192,8,8,4,8,13,32,2,64,1,1,32768,1,2,13,2,True,347425,151.221,12247100.0
8192,8,8,5,4,20,16,2,128,4,0,131072,0,4,15,2,True,1216874,8.78747,1149970.0
8192,16,16,2,4,12,64,2,64,2,1,32768,0,2,10,2,True,900196,5.06088,207556.0
8192,16,16,2,4,12,64,4,64,1,1,16384,1,2,4,2,True,364865,169.434,13567000.0
8192,16,16,2,4,12,64,16,128,2,0,16384,1,4,15,1,True,461551,169.757,13535500.0
8192,16,16,2,8,18,32,4,128,4,1,65536,0,3,12,1,True,1124213,5.76453,242711.0
8192,16,16,3,8,12,64,16,128,2,0,32768,1,4,14,2,True,454229,170.712,13717100.0
8192,16,16,4,4,19,32,8,128,1,1,32768,0,2,8,2,True,794749,3.94671,207853.0
8192,16,16,5,4,11,16,8,64,1,1,131072,1,2,12,1,True,368869,82.0965,6452990.0
8192,8,4,1,4,10,32,16,128,1,0,131072,1,3,8,2,True,438327,168.838,12788900.0
8192,8,4,1,8,20,16,2,64,3,0,16384,0,1,7,2,True,1037896,7.01355,176587.0
8192,8,4,3,8,11,64,4,64,2,0,32768,0,2,11,2,True,860740,4.07658,207032.0
8192,8,4,3,8,19,16,2,128,2,0,16384,0,4,16,2,True,1079667,2.86509,175111.0
8192,8,4,4,4,10,16,1,128,4,1,131072,1,3,8,1,True,502334,81.5539,6437880.0
8192,8,4,4,4,14,64,8,32,4,1,65536,0,4,5,1,True,1182479,4.03041,200781.0
8192,8,4,4,4,19,32,2,64,4,0,16384,1,3,10,2,True,474398,149.71,12090300.0
8192,8,4,4,8,10,64,2,64,4,0,131072,0,2,12,2,True,1016777,8.43193,727140.0
8192,8,4,5,4,13,32,8,128,4,1,131072,1,2,11,1,True,438909,154.736,12434100.0
8192,16,8,1,4,15,64,8,32,3,0,131072,0,4,12,2,True,1121440,16.5421,754728.0
8192,16,8,1,8,11,16,4,128,3,1,32768,1,4,9,1,True,605674,79.6109,6119070.0
8192,16,8,1,8,15,16,4,64,2,1,131072,0,3,13,2,True,1049392,19.2848,1151260.0
8192,16,8,2,4,20,32,4,128,2,0,32768,1,2,10,1,True,414053,151.673,12074900.0
8192,16,8,2,8,11,32,1,64,1,1,32768,0,3,13,1,True,1784261,2.81228,111713.0
8192,16,8,3,4,14,64,2,64,3,1,32768,0,2,14,2,True,963286,3.73518,207392.0
8192,16,8,3,4,15,32,16,64,4,1,65536,0,1,15,1,True,953831,6.06884,190929.0
8192,16,8,4,4,17,32,2,32,2,1,16384,1,1,5,1,True,347239,149.905,12036000.0
8192,16,8,5,4,10,64,1,32,4,0,131072,0,3,4,1,True,1106860,6.75627,340520.0
8192,16,8,5,4,19,64,1,64,3,1,65536,0,4,11,2,True,1117138,4.3494,393960.0
8192,16,8,5,8,11,32,4,64,2,1,32768,0,4,10,1,True,1028817,2.45097,112253.0
8192,32,16,1,4,11,16,16,128,1,0,131072,0,1,15,2,True,820641,28.8681,795408.0
8192,32,16,1,8,16,16,2,128,1,1,65536,1,3,16,2,True,508344,83.9199,6454770.0
8192,32,16,1,8,20,32,8,128,1,1,32768,1,3,16,1,True,439673,154.54,12077500.0
8192,32,16,1,8,20,32,8,128,4,1,131072,0,1,13,2,True,983512,19.078,913048.0
8192,32,16,2,4,17,16,8,64,3,1,131072,1,3,5,1,True,524649,83.8562,6448740.0
8192,32,16,3,8,13,64,16,32,3,1,32768,0,1,15,1,True,860428,4.45528,115085.0
8192,32,16,3,8,17,16,2,32,1,1,32768,1,3,5,1,True,436534,77.1132,6093810.0
8192,32,16,4,8,10,32,8,32,4,1,131072,0,3,6,2,True,1108902,9.09934,911218.0
8192,32,16,4,8,10,64,4,128,4,1,65536,0,4,5,1,True,1183789,3.91791,198781.0
8192,32,16,4,8,11,32,8,128,3,1,65536,1,1,11,2,True,377298,153.11,12373300.0
8192,32,16,5,4,11,16,4,128,2,1,65536,1,3,12,2,True,430585,79.0558,6475580.0
8192,32,16,5,8,11,64,2,64,4,1,131072,1,3,4,1,True,458709,172.488,13802800.0
8192,32,16,5,8,13,64,16,128,2,1,32768,1,2,12,1,True,365005,169.213,13576900.0
8192,12,4,1,4,16,16,8,128,3,0,131072,0,3,14,1,True,1129014,17.7543,469005.0
8192,12,4,2,4,15,16,8,32,4,1,32768,0,3,13,1,True,1171503,4.20207,137203.0
8192,12,4,2,4,19,64,4,32,3,1,16384,0,3,11,2,True,1023796,2.78941,109592.0
8192,12,4,2,8,16,16,2,128,2,0,16384,0,1,15,1,True,863440,3.47732,69587.3
8192,12,4,3,4,16,32,8,64,3,0,65536,0,4,9,1,True,1114470,4.90869,242994.0
8192,12,4,3,8,10,16,1,64,1,0,32768,1,3,14,1,True,869717,76.2775,6092540.0
8192,12,4,3,8,10,64,4,32,3,0,32768,1,2,13,2,True,422324,169.624,13664400.0
8192,12,4,3,8,20,16,1,128,2,1,32768,0,3,15,2,True,1556135,3.22753,226551.0
8192,12,4,4,4,18,32,16,32,3,1,16384,1,4,12,2,True,475544,150.941,12142500.0
8192,12,4,4,4,18,64,4,32,4,0,32768,1,1,13,2,True,396653,169.335,13668900.0
8192,12,4,4,8,18,16,1,64,4,1,131072,1,3,15,1,True,502502,81.5532,6437880.0
8192,12,4,4,8,18,64,8,128,2,0,16384,1,2,13,2,True,367889,168.727,13592700.0
8192,24,8,1,4,12,16,4,32,1,0,16384,0,3,4,1,True,1019697,5.72959,70746.7
8192,24,8,1,4,15,16,16,128,3,1,16384,1,1,6,2,True,501684,82.7431,6201440.0
8192,24,8,1,4,16,16,8,128,1,1,131072,1,3,9,2,True,508861,90.3126,6893660.0
8192,24,8,1,8,10,32,8,64,3,0,131072,1,1,14,1,True,437614,161.887,12431100.0
8192,24,8,2,4,15,64,2,128,2,0,65536,0,1,11,1,True,799102,6.44213,195058.0
8192,24,8,2,8,14,64,4,128,3,1,32768,1,4,16,2,True,491225,170.148,13664600.0
8192,24,8,3,4,11,64,1,64,4,1,65536,0,3,5,1,True,1106024,4.38731,196111.0
8192,24,8,3,4,14,64,4,32,2,1,32768,1,1,11,1,True,358113,169.366,13558500.0
8192,24,8,3,8,14,32,4,64,3,0,32768,0,1,10,1,True,873105,3.43052,112632.0
8192,24,8,4,8,14,16,4,128,3,0,32768,1,1,4,2,True,401240,77.5198,6265500.0
8192,24,8,4,8,20,64,1,128,1,0,65536,0,1,4,1,True,710790,4.69686,195757.0
8192,48,16,1,4,10,64,8,128,4,0,16384,1,3,7,1,True,504568,171.056,13521900.0
8192,48,16,3,4,16,64,16,64,1,1,131072,1,3,14,1,True,393674,174.25,13804300.0
8192,48,16,3,8,11,16,4,64,1,1,131072,0,1,6,2,True,747237,12.4901,1149780.0
8192,48,16,3,8,12,32,4,128,1,0,16384,0,2,6,2,True,797420,2.62343,123780.0
8192,48,16,3,8,18,16,8,64,4,0,65536,0,3,7,2,True,1141842,6.45895,491642.0
8192,48,16,3,8,18,64,8,32,1,1,32768,1,1,10,1,True,327682,169.634,13559200.0
8192,48,16,4,4,17,16,1,64,2,1,131072,0,4,16,1,True,1063542,8.51825,452019.0
8192,48,16,5,4,17,64,4,32,3,1,65536,0,2,10,1,True,942395,3.92345,198756.0
8192,16,4,1,4,17,32,8,128,1,0,16384,0,3,11,2,True,920827,7.78015,132379.0
8192,16,4,1,4,19,64,16,64,4,1,16384,0,1,8,2,True,979967,12.121,188453.0
8192,16,4,2,4,12,64,2,32,4,0,65536,1,1,16,1,True,428339,171.304,13652400.0
8192,16,4,2,8,14,16,16,128,2,1,16384,0,4,10,1,True,1087871,4.44622,106812.0
8192,16,4,2,8,17,64,2,128,4,1,131072,0,3,10,1,True,1104032,9.83742,341195.0
8192,16,4,3,4,18,16,8,128,3,0,131072,0,2,7,1,True,985030,10.264,467529.0
8192,16,4,3,8,10,16,1,128,4,1,131072,0,4,9,2,True,1225646,10.1101,1153000.0
8192,16,4,5,4,19,16,4,128,2,1,65536,1,4,12,2,True,462465,78.9576,6475580.0
8192,16,4,5,8,12,32,2,64,1,1,16384,1,1,6,2,True,313831,149.877,12090200.0
8192,16,4,5,8,17,64,2,32,4,1,16384,0,4,16,1,True,1241415,1.39381,58453.0
8192,32,8,1,4,14,16,1,64,2,0,32768,0,1,13,2,True,1956762,5.32961,228026.0
8192,32,8,1,4,18,32,8,128,2,0,32768,0,1,14,2,True,829358,10.3563,209683.0
8192,32,8,1,8,16,16,16,32,2,1,65536,1,1,13,1,True,476852,85.048,6196280.0
8192,32,8,2,4,14,32,4,32,1,0,16384,1,1,9,2,True,351916,151.228,12086000.0
8192,32,8,2,4,17,64,8,128,2,0,16384,1,1,4,1,True,364581,169.52,13520500.0
8192,32,8,3,4,15,64,1,128,2,1,131072,0,4,5,1,True,1019635,8.39076,340899.0
8192,32,8,3,4,20,32,1,128,4,1,131072,1,3,4,2,True,501995,156.202,12840600.0
8192,32,8,3,8,20,32,16,32,1,1,32768,1,3,6,2,True,404760,152.848,12221900.0
8192,32,8,4,4,12,16,8,32,1,0,16384,1,3,6,1,True,409767,76.1259,6055740.0
8192,32,8,4,8,14,64,2,32,3,0,131072,0,4,14,2,True,1097500,8.23382,727140.0
8192,32,8,5,4,17,16,2,128,4,0,131072,1,2,11,2,True,458931,82.4854,7135800.0
8192,32,8,5,8,17,16,16,128,3,1,32768,1,1,11,2,True,393082,78.4054,6347500.0
8192,64,16,1,4,15,32,8,128,1,1,65536,1,1,9,1,True,376266,157.676,12206600.0
8192,64,16,2,4,15,32,16,128,4,0,32768,1,1,13,2,True,443980,153.917,12222000.0
8192,64,16,2,4,19,32,4,64,3,1,65536,0,4,12,1,True,1125819,5.76022,242711.0
8192,64,16,3,8,18,32,4,128,2,1,32768,0,1,7,2,True,797552,4.43989,207042.0
8192,64,16,5,8,19,32,1,128,2,0,32768,1,1,11,1,True,755505,149.818,12078100.0
8192,20,4,1,4,11,16,4,32,3,1,16384,1,4,16,1,True,605674,78.4552,6051800.0
8192,20,4,1,8,10,16,4,32,3,0,32768,1,2,6,2,True,532631,81.2421,6262510.0
8192,20,4,2,4,15,64,4,32,1,1,32768,1,3,9,2,True,395779,170.664,13664600.0
8192,20,4,2,8,10,32,8,32,1,0,131072,1,1,15,2,True,352269,159.436,12873800.0
8192,20,4,2,8,14,64,1,32,3,1,65536,1,4,6,1,True,491341,170.984,13653600.0
8192,20,4,3,4,11,16,8,32,1,1,131072,0,1,16,1,True,747251,11.6826,467529.0
8192,20,4,3,8,11,16,8,128,3,1,65536,0,2,6,1,True,983205,5.75934,323652.0
8192,20,4,3,8,14,16,1,128,3,0,32768,0,2,13,2,True,1537734,3.24417,226551.0
8192,20,4,3,8,20,64,4,64,2,0,16384,0,4,15,2,True,1019180,2.15,109429.0
8192,20,4,4,4,20,64,16,64,1,0,65536,1,1,9,2,True,302710,173.62,13980000.0
8192,20,4,4,8,12,64,4,32,4,1,16384,0,3,5,2,True,1101882,1.769,109074.0
8192,20,4,4,8,12,64,8,128,1,1,16384,0,2,8,1,True,781631,2.26036,62666.5
8192,20,4,5,4,15,64,16,64,3,1,131072,0,2,11,2,True,943466,10.591,825105.0
8192,20,4,5,8,17,32,16,128,3,0,65536,1,4,12,1,True,472031,152.052,12157400.0
8192,20,4,5,8,18,32,2,64,1,1,16384,0,2,5,2,True,809599,1.88525,123344.0
8192,40,8,1,4,17,16,4,128,3,1,32768,0,4,6,1,True,1209612,6.47276,138021.0
8192,40,8,1,4,18,32,16,128,1,0,32768,0,3,7,2,True,917656,14.5966,261252.0
8192,40,8,2,4,17,32,1,64,1,1,16384,0,1,8,2,True,1561240,2.13331,122633.0
8192,40,8,2,4,18,32,1,128,4,1,131072,1,2,12,1,True,490464,156.43,12414700.0
8192,40,8,2,8,11,16,1,128,4,1,16384,0,4,11,1,True,2001240,1.95905,69690.2
8192,40,8,2,8,12,32,8,128,3,1,16384,0,4,13,2,True,1122700,3.69847,131067.0
8192,40,8,2,8,15,64,16,128,4,0,131072,0,1,10,2,True,944524,16.8421,825648.0
8192,40,8,4,8,11,32,1,128,1,1,131072,0,1,10,1,True,716724,9.18543,452103.0
8192,40,8,4,8,17,16,1,32,3,0,32768,0,1,13,1,True,1407617,2.46531,111140.0
8192,40,8,4,8,18,64,1,32,2,1,131072,0,3,14,2,True,940016,8.63004,728857.0
8192,40,8,5,4,14,16,1,64,3,0,16384,1,3,4,2,True,810243,75.4688,6181860.0
8192,40,8,5,4,16,64,1,64,2,0,131072,1,4,7,1,True,428998,172.567,13802700.0
8192,80,16,1,4,17,16,16,128,1,1,16384,0,4,4,1,True,1052088,8.26901,108124.0
8192,80,16,1,8,18,16,4,64,2,0,16384,1,2,11,2,True,508326,80.0323,6160290.0
8192,80,16,2,4,11,32,8,64,2,0,65536,1,2,15,1,True,414675,153.57,12205300.0
8192,80,16,2,4,13,32,16,128,1,1,131072,0,4,13,1,True,970417,12.0154,389278.0
8192,80,16,3,4,12,64,16,32,1,1,16384,0,3,5,1,True,861627,3.65416,77965.9
8192,80,16,3,4,18,64,16,64,3,0,131072,1,3,9,2,True,453932,176.6,14282800.0
8192,80,16,3,8,15,16,16,128,1,1,32768,1,1,10,2,True,363884,79.9682,6343090.0
8192,80,16,3,8,17,32,1,128,4,1,16384,0,2,16,1,True,1714297,1.59751,69540.1
8192,80,16,3,8,18,64,16,32,4,0,32768,0,2,14,1,True,1018577,3.99853,115085.0
8192,80,16,4,4,13,64,16,64,3,1,32768,0,4,15,2,True,1101918,4.56647,259384.0
8192,80,16,4,8,17,16,2,128,2,0,131072,1,1,14,2,True,369633,83.4694,7135850.0
8192,80,16,5,4,13,16,1,32,1,0,65536,1,2,15,1,True,368869,78.3236,6292680.0
8192,80,16,5,4,15,32,2,128,1,0,16384,0,1,10,1,True,728439,1.96806,69049.0
8192,80,16,5,4,15,64,2,32,1,0,32768,0,4,6,2,True,965266,2.8748,207013.0
8192,80,16,5,4,16,64,2,64,2,0,131072,0,2,5,1,True,859937,7.34528,340652.0
8192,24,4,1,4,13,16,4,128,4,1,16384,0,2,4,2,True,1123802,6.47733,179245.0
8192,24,4,1,4,17,32,8,128,1,0,65536,0,4,14,1,True,989226,10.2616,244470.0
8192,24,4,2,4,15,32,2,32,2,0,65536,1,4,7,2,True,490514,153.697,12354800.0
8192,24,4,2,4,18,32,8,128,1,0,32768,0,2,5,1,True,807338,4.94216,114101.0
8192,24,4,3,4,12,64,16,32,4,1,65536,0,4,12,2,True,1175750,8.23767,518166.0
8192,24,4,3,4,20,32,1,64,4,1,32768,1,4,11,2,True,1178790,150.16,12188700.0
8192,24,4,4,8,13,32,1,64,3,0,65536,0,3,8,2,True,1033741,5.06189,393841.0
8192,24,4,4,8,18,16,4,32,1,0,32768,1,2,15,1,True,375986,77.0276,6122050.0
8192,24,4,4,8,19,64,8,128,4,0,16384,0,1,5,1,True,938242,2.01214,62666.5
8192,24,4,5,8,18,64,2,32,1,1,32768,0,1,9,1,True,717903,2.7129,112436.0
8192,48,8,1,4,13,16,8,64,4,0,32768,1,4,6,2,True,631259,80.7016,6215940.0
8192,48,8,1,8,11,64,8,128,1,1,65536,0,3,11,2,True,881211,12.8432,363782.0
8192,48,8,1,8,14,16,1,32,3,1,16384,0,3,13,2,True,2333878,2.9561,197878.0
8192,48,8,2,4,13,64,16,128,3,1,131072,1,1,13,1,True,394878,175.736,13804500.0
8192,48,8,2,8,14,32,1,64,3,1,16384,1,4,16,1,True,1335932,149.297,12031800.0
8192,48,8,2,8,15,32,16,128,2,1,65536,1,1,12,1,True,382417,154.694,12153200.0
8192,48,8,4,4,14,64,2,64,2,1,32768,1,1,10,2,True,334250,169.515,13669200.0
8192,48,8,4,8,12,32,1,128,4,1,16384,0,3,5,2,True,1747919,1.46676,122115.0
8192,48,8,4,8,15,64,8,32,1,0,131072,1,4,5,2,True,399898,174.384,14215100.0
8192,48,8,5,4,15,64,1,32,3,1,32768,0,4,7,1,True,1814778,1.85844,111193.0
8192,48,8,5,8,10,16,1,128,1,1,131072,0,3,7,2,True,892190,9.50541,1152620.0
8192,96,16,1,4,10,64,2,32,4,1,16384,1,3,16,2,True,503784,170.78,13568200.0
8192,96,16,1,4,19,64,16,32,4,0,65536,1,2,15,1,True,471362,175.715,13656600.0
8192,96,16,1,8,17,32,4,128,1,1,32768,1,1,6,1,True,378447,155.086,12076200.0
8192,96,16,2,4,11,16,1,64,3,0,65536,0,4,8,1,True,1175065,6.01353,307391.0
8192,96,16,2,4,19,64,4,32,3,0,16384,1,1,12,2,True,394317,169.274,13567000.0
8192,96,16,2,8,14,64,4,32,2,0,16384,1,2,6,2,True,395772,169.267,13567000.0
8192,96,16,3,4,18,64,4,64,2,1,131072,1,3,11,2,True,422793,174.616,14333500.0
8192,96,16,3,4,19,32,16,64,2,0,32768,0,2,9,1,True,876805,4.54542,115093.0
8192,96,16,3,8,11,16,8,32,3,0,32768,0,1,4,1,True,904193,3.83581,137040.0
8192,96,16,3,8,11,32,4,32,1,0,131072,0,3,15,2,True,875431,10.5791,875947.0
8192,96,16,3,8,17,64,8,128,2,1,131072,0,4,5,2,True,1019563,9.71868,753253.0
8192,96,16,4,4,14,64,1,32,2,1,16384,0,3,13,1,True,1751002,1.30168,58549.4
8192,96,16,5,4,19,64,16,128,3,1,16384,0,4,14,2,True,1109835,3.28482,186598.0
8192,28,4,1,8,10,64,16,64,1,0,65536,0,3,10,2,True,882209,22.3932,519641.0
8192,28,4,2,4,12,64,16,32,1,0,16384,0,2,8,2,True,787064,7.93343,187141.0
8192,28,4,2,8,12,32,1,32,2,1,16384,1,4,6,2,True,1310184,149.441,12084700.0
8192,28,4,2,8,12,64,16,128,2,1,32768,1,4,12,1,True,461166,170.484,13572600.0
8192,28,4,4,8,19,16,4,32,4,0,65536,0,1,16,1,True,981669,4.95444,322605.0
8192,28,4,5,4,10,32,8,64,3,1,65536,1,3,14,1,True,439765,151.791,12209500.0
8192,28,4,5,8,17,32,4,64,2,1,16384,1,4,11,2,True,440203,149.645,12090300.0
8192,56,8,2,8,19,64,2,128,2,0,16384,1,1,13,1,True,364487,169.33,13516400.0
8192,56,8,4,4,20,16,2,128,3,1,65536,0,4,14,2,True,1143072,5.37732,471891.0
8192,56,8,4,8,12,64,16,64,3,1,32768,0,3,5,1,True,1019590,3.37462,114730.0
8192,56,8,4,8,13,64,4,128,3,0,32768,1,2,9,1,True,398304,168.871,13562900.0
8192,56,8,4,8,14,16,16,128,4,1,32768,0,4,11,2,True,1216463,4.75849,361689.0
8192,56,8,4,8,20,16,16,128,3,0,32768,1,4,8,2,True,502917,78.3617,6347550.0
8192,56,8,5,4,15,16,1,32,2,1,131072,1,4,7,2,True,462291,82.4341,7138460.0
8192,56,8,5,8,18,64,16,128,2,1,131072,1,4,5,1,True,428998,173.001,13808700.0
8192,56,8,5,8,19,64,4,128,1,0,16384,0,4,16,2,True,940992,1.71358,109050.0
8192,112,16,1,8,16,16,8,32,4,1,65536,0,3,12,2,True,1209558,11.6709,493118.0
8192,112,16,3,4,10,16,4,128,4,1,131072,0,1,5,2,True,981079,11.1273,1149780.0
8192,112,16,3,4,12,16,16,128,4,1,32768,0,3,14,2,True,1141221,5.74487,362044.0
8192,112,16,3,8,13,16,1,64,2,1,65536,0,4,9,1,True,1070566,5.17125,307227.0
8192,112,16,3,8,13,16,2,64,4,1,32768,0,1,15,2,True,986512,4.1226,230083.0
8192,112,16,3,8,20,32,16,128,4,0,131072,0,4,15,2,True,1191926,12.5362,825283.0
8192,112,16,5,8,16,16,2,32,1,1,131072,0,2,4,1,True,814764,8.667,452173.0
8192,112,16,5,8,16,64,1,64,2,1,32768,1,1,10,2,True,859461,168.462,13666700.0
8192,112,16,5,8,20,32,8,128,3,1,65536,1,3,4,1,True,440398,151.789,12209500.0
8192,32,4,1,4,19,32,8,64,1,1,131072,0,1,15,2,True,751851,22.991,913048.0
8192,32,4,1,4,20,16,1,128,3,0,16384,0,2,15,1,True,2274948,2.93255,71002.4
8192,32,4,2,4,17,16,4,128,3,0,65536,0,1,9,1,True,921246,7.14647,323123.0
8192,32,4,2,4,18,32,1,64,3,0,32768,0,3,9,1,True,1935148,2.70187,111713.0
8192,32,4,2,4,19,64,1,128,3,1,65536,0,2,11,1,True,956815,5.78441,196275.0
8192,32,4,2,8,13,64,2,32,3,0,16384,0,2,15,1,True,1020180,2.81261,58995.7
8192,32,4,3,4,13,64,8,64,1,0,16384,1,1,15,1,True,327474,168.857,13520400.0
8192,32,4,3,4,15,64,1,32,4,1,16384,0,3,4,1,True,1982237,1.40623,58904.2
8192,32,4,5,8,20,16,4,32,4,0,16384,1,2,15,1,True,461683,75.6842,6054730.0
8192,64,8,1,4,11,32,16,64,4,0,32768,0,2,10,2,True,1071861,12.8181,261252.0
8192,64,8,2,4,13,32,2,128,4,0,65536,1,2,12,1,True,490505,152.824,12157100.0
8192,64,8,3,8,18,16,4,64,3,0,32768,0,4,7,1,True,1145482,3.22898,136545.0
8192,64,8,4,4,10,64,16,128,4,1,32768,0,2,15,1,True,1017833,3.37783,114730.0
8192,64,8,4,8,16,16,8,32,2,1,32768,0,3,5,1,True,981713,3.16328,136685.0
8192,64,8,5,4,19,64,4,128,3,0,32768,1,1,4,1,True,363749,168.734,13562900.0
8192,64,8,5,8,18,32,2,32,1,0,32768,0,4,13,1,True,961749,2.46862,112429.0
8192,64,8,5,8,20,64,1,64,2,1,16384,0,3,14,1,True,1629742,1.21826,58524.9
8192,128,16,2,4,11,32,4,64,4,1,131072,1,4,8,2,True,541253,157.246,12838200.0
8192,128,16,2,4,15,32,8,128,3,1,32768,1,2,15,2,True,445543,152.393,12170500.0
8192,128,16,2,8,18,64,8,128,1,1,32768,0,3,14,1,True,868705,4.47643,101969.0
8192,128,16,5,4,13,16,4,128,1,1,131072,1,3,8,1,True,400100,81.6131,6434480.0
8192,128,16,5,4,15,32,16,32,4,1,65536,1,4,13,2,True,502776,153.116,12377000.0
8192,128,16,5,8,13,32,1,32,4,0,131072,1,1,10,1,True,405323,154.618,12419000.0
8192,36,4,1,4,16,32,1,64,2,0,65536,1,3,7,1,True,474214,155.697,12159600.0
8192,36,4,1,8,16,64,16,32,1,0,32768,1,3,6,2,True,408852,176.637,13718600.0
8192,36,4,2,4,10,32,2,64,2,1,131072,1,2,9,1,True,414472,157.103,12414900.0
8192,36,4,3,4,17,16,4,128,1,1,16384,1,2,9,1,True,403004,76.3932,6050320.0
8192,36,4,3,8,18,64,2,128,3,0,16384,0,2,14,2,True,994069,2.11582,109387.0
8192,36,4,4,4,15,16,16,128,4,0,131072,0,3,5,1,True,1140544,9.07213,469965.0
8192,36,4,4,8,11,16,1,64,1,0,16384,0,3,10,2,True,1438173,1.75687,196048.0
8192,36,4,4,8,20,64,4,64,1,1,65536,1,4,14,2,True,398944,170.971,13823000.0
8192,36,4,5,4,12,64,16,64,2,0,16384,0,1,5,1,True,779760,2.73886,77586.5
8192,36,4,5,4,17,16,2,64,2,0,16384,0,3,16,1,True,985177,1.76024,69044.6
8192,36,4,5,8,11,16,16,32,3,0,32768,0,2,10,1,True,972100,3.43287,179469.0
8192,36,4,5,8,14,16,4,64,4,1,16384,1,4,4,2,True,524137,75.9321,6163230.0
8192,72,8,1,8,11,16,1,128,1,1,16384,0,1,16,1,True,1912151,3.32241,71002.4
8192,72,8,2,4,16,16,4,128,4,1,65536,1,1,11,2,True,501683,80.7171,6471330.0
8192,72,8,4,8,11,64,2,64,3,1,65536,0,3,12,1,True,1028340,4.03497,194540.0
8192,72,8,4,8,15,64,1,128,1,1,65536,1,1,6,1,True,303713,170.576,13657900.0
8192,72,8,5,8,19,32,2,64,1,0,16384,0,1,5,1,True,728070,1.96867,69049.0
8192,144,16,1,4,10,16,1,128,3,1,32768,0,3,14,2,True,2314101,4.79499,228026.0
8192,144,16,1,8,14,32,4,64,4,1,32768,1,2,7,2,True,511053,154.552,12170600.0
8192,144,16,2,8,19,16,2,32,1,1,131072,1,1,10,1,True,389823,84.7729,6433760.0
8192,144,16,3,4,12,32,1,64,2,1,65536,0,1,7,1,True,800940,5.31437,196013.0
8192,144,16,3,4,16,16,1,64,3,0,131072,1,3,4,2,True,496042,83.3708,7134050.0
8192,144,16,3,4,20,32,1,32,3,0,32768,0,4,16,2,True,1812892,2.81905,226632.0
8192,144,16,4,4,20,32,16,64,2,0,65536,1,2,8,2,True,379338,154.11,12377100.0
8192,144,16,4,8,13,64,8,64,3,0,65536,0,4,10,2,True,1098388,4.99291,361952.0
8192,144,16,5,4,20,32,2,32,1,0,16384,1,2,7,2,True,344129,149.791,12090200.0
8192,144,16,5,8,11,64,16,128,2,1,131072,0,3,4,1,True,941514,7.59872,346579.0
8192,40,4,1,4,12,32,2,128,2,0,65536,0,3,11,2,True,994597,11.5128,394002.0
8192,40,4,2,4,12,16,1,128,2,1,32768,0,2,10,2,True,1674670,3.79236,226714.0
8192,40,4,2,8,11,16,8,32,1,1,16384,1,2,14,2,True,421628,77.9904,6161660.0
8192,40,4,3,4,18,32,2,64,1,1,32768,0,2,13,1,True,809640,3.50056,112808.0
8192,40,4,3,8,12,32,16,64,2,1,16384,0,1,7,1,True,797712,3.95312,77997.9
8192,40,4,3,8,13,32,8,32,2,0,131072,0,3,7,2,True,954069,10.6131,911572.0
8192,40,4,3,8,17,64,8,64,2,1,16384,0,1,13,2,True,781621,3.46553,130874.0
8192,80,8,2,8,11,64,2,32,4,0,131072,0,4,14,1,True,1180430,9.5079,341195.0
8192,80,8,3,8,14,16,1,64,1,0,32768,1,2,14,2,True,842269,76.7394,6207600.0
8192,80,8,3,8,15,32,1,128,3,1,32768,1,4,4,1,True,1138181,149.824,12073600.0
8192,80,8,4,4,12,32,16,128,3,1,16384,1,1,7,2,True,377291,151.33,12142500.0
8192,80,8,4,4,20,32,2,64,1,1,16384,0,1,13,1,True,738452,2.24938,69073.6
8192,80,8,5,8,19,32,4,128,4,0,32768,0,4,5,1,True,1185229,2.31739,112253.0
8192,160,16,1,4,14,64,1,128,1,1,16384,0,4,6,2,True,2658172,2.35852,110840.0
8192,160,16,1,8,16,16,4,64,2,1,32768,1,4,13,1,True,573075,79.8396,6119070.0
8192,160,16,2,8,16,64,2,32,4,0,32768,0,3,8,2,True,1133806,4.34698,207556.0
8192,160,16,3,4,13,32,1,32,4,1,65536,0,3,13,1,True,1116521,4.56964,196013.0
8192,160,16,4,4,15,64,4,64,2,1,16384,0,1,9,2,True,780889,2.12217,109074.0
8192,160,16,4,4,16,16,8,128,3,0,65536,1,4,5,2,True,502592,79.3624,6477150.0
8192,160,16,4,8,11,16,4,128,1,0,65536,1,4,7,1,True,442265,78.5502,6308470.0
8192,160,16,4,8,20,64,8,128,1,0,16384,0,4,10,2,True,940795,2.53362,130519.0
8192,160,16,5,4,12,16,4,64,1,0,16384,1,1,13,2,True,327901,76.4384,6163230.0
8192,160,16,5,4,14,64,1,64,2,1,32768,0,4,15,2,True,1700740,2.28925,204584.0
8192,160,16,5,8,14,16,1,128,4,1,16384,1,1,9,2,True,727156,75.5176,6181860.0
8192,160,16,5,8,17,64,8,32,2,0,32768,0,2,10,2,True,860681,3.23707,207789.0
8192,44,4,1,4,19,64,16,64,1,1,32768,1,1,6,1,True,347024,175.46,13573900.0
8192,44,4,1,8,17,64,16,64,2,1,65536,1,4,9,1,True,473057,175.691,13656600.0
8192,44,4,2,8,12,16,4,32,3,1,65536,0,3,5,2,True,1087270,7.73393,490282.0
8192,44,4,3,8,12,64,2,64,1,0,131072,1,1,13,1,True,326755,174.216,13798400.0
8192,44,4,4,4,17,64,8,128,4,1,131072,1,3,4,1,True,461766,172.992,13848600.0
8192,44,4,4,4,19,16,4,128,4,1,65536,0,2,11,1,True,1058643,4.8157,322605.0
8192,44,4,4,4,20,16,8,64,4,0,131072,0,2,9,2,True,1057052,10.238,910776.0
8192,44,4,4,8,12,16,1,64,2,1,65536,0,2,15,2,True,901551,5.85876,473880.0
8192,44,4,4,8,15,16,16,128,1,0,131072,0,2,14,2,True,825054,12.6202,793578.0
8192,44,4,5,8,12,16,16,32,1,1,65536,1,3,15,2,True,398253,80.418,6648250.0
8192,44,4,5,8,20,16,1,32,4,1,65536,0,1,14,2,True,968092,5.25312,473855.0
8192,88,8,1,4,11,32,8,128,1,1,16384,0,1,15,1,True,754498,7.4991,64502.8
8192,88,8,1,8,18,16,8,128,3,0,16384,0,3,5,2,True,1128290,6.80713,181918.0
8192,88,8,1,8,18,32,1,64,3,0,16384,0,1,4,2,True,2188956,2.77427,123945.0
8192,88,8,2,8,11,64,16,32,2,1,131072,0,2,4,1,True,868129,12.0809,347122.0
8192,88,8,2,8,12,16,4,128,4,1,16384,1,1,9,2,True,499080,77.3356,6158980.0
8192,88,8,3,4,20,16,16,64,1,1,65536,1,1,13,2,True,363403,82.3208,6643840.0
8192,88,8,4,4,19,64,16,32,1,0,65536,0,3,7,2,True,860077,8.35277,517811.0
8192,88,8,4,8,18,64,16,64,3,0,32768,0,1,7,1,True,858507,3.72349,114730.0
8192,176,16,1,8,10,16,8,64,3,1,65536,1,1,6,2,True,501606,84.7725,6474170.0
8192,176,16,4,8,11,16,16,64,2,1,131072,0,4,16,2,True,1063272,11.4439,793578.0
8192,176,16,4,8,13,64,4,64,1,0,32768,1,4,15,2,True,399408,169.327,13668900.0
8192,176,16,5,8,19,64,4,128,2,1,131072,1,1,5,2,True,331315,174.077,14337900.0
8192,48,4,1,4,12,64,1,64,1,0,32768,1,2,10,2,True,1885549,169.187,13663800.0
8192,48,4,1,4,15,32,2,128,4,1,65536,0,1,6,1,True,992398,9.3985,196288.0
8192,48,4,2,4,10,16,1,64,1,0,65536,0,1,10,1,True,770148,7.6297,307391.0
8192,48,4,2,4,13,32,8,64,1,1,32768,0,1,8,2,True,727178,6.51297,208371.0
8192,48,4,2,4,19,64,2,32,3,0,32768,0,4,10,1,True,1135781,3.54239,112979.0
8192,48,4,2,8,18,64,16,64,3,0,16384,0,2,5,1,True,945600,4.67696,78129.2
8192,48,4,3,8,15,32,8,32,3,0,65536,0,1,8,2,True,873102,6.63568,406791.0
8192,48,4,4,8,16,64,4,32,2,0,16384,0,3,4,1,True,940583,1.88054,58357.6
8192,48,4,4,8,17,64,2,32,2,1,16384,0,2,5,1,True,916046,1.86629,58477.5
8192,48,4,5,4,18,16,1,128,2,1,65536,1,4,13,2,True,462524,78.7617,6459690.0
8192,48,4,5,4,18,32,8,64,1,1,65536,0,4,16,2,True,949782,5.15711,406412.0
8192,48,4,5,4,18,64,1,128,4,0,65536,0,3,4,2,True,1114260,4.353,393960.0
8192,96,8,1,4,14,16,2,128,2,0,32768,1,1,10,1,True,477316,80.477,6095290.0
8192,96,8,1,4,15,64,8,128,3,1,32768,0,2,5,1,True,981048,7.12033,103281.0
8192,96,8,1,8,18,16,16,128,3,0,65536,1,1,14,1,True,508354,84.5618,6196280.0
8192,96,8,2,4,17,16,8,32,3,1,131072,1,2,7,2,True,507175,85.469,6892340.0
8192,96,8,3,4,16,16,16,32,1,1,65536,1,3,15,2,True,436535,81.6021,6643840.0
8192,96,8,4,4,18,32,1,32,1,1,131072,0,1,5,1,True,716410,9.18726,452103.0
8192,96,8,4,4,20,16,1,64,2,0,65536,0,1,13,1,True,826207,5.10692,306872.0
8192,96,8,4,8,17,64,16,32,4,1,32768,0,1,10,2,True,937508,4.99922,259384.0
8192,96,8,5,4,10,64,1,128,1,1,32768,1,3,16,2,True,989928,168.402,13666700.0
8192,96,8,5,4,14,64,4,64,1,0,32768,1,4,14,2,True,396165,169.079,13668800.0
8192,96,8,5,8,10,64,8,64,3,0,65536,0,3,15,2,True,1024952,4.72373,361927.0
8192,96,8,5,8,20,16,1,128,4,1,16384,0,3,10,1,True,1582623,1.40167,69147.5
8192,192,16,2,4,20,16,1,32,3,0,131072,1,1,11,1,True,461089,83.9304,6433590.0
8192,192,16,2,8,14,32,16,32,1,0,131072,0,4,4,1,True,968883,12.0259,389278.0
8192,192,16,2,8,18,16,2,32,4,1,32768,1,2,13,2,True,524195,78.233,6211300.0
8192,192,16,3,4,15,16,8,32,4,1,65536,1,2,12,2,True,491102,79.9107,6472690.0
8192,192,16,3,8,10,32,1,128,2,0,32768,0,2,9,1,True,1555223,2.46667,111549.0
8192,192,16,3,8,15,16,16,32,3,1,65536,0,3,5,1,True,1064693,6.29038,213759.0
8192,192,16,3,8,20,16,1,32,2,1,65536,1,3,8,1,True,466651,78.7305,6288280.0
8192,192,16,4,4,12,64,4,32,2,0,16384,0,4,9,1,True,1020927,1.78962,58357.6
8192,192,16,4,4,14,32,2,128,2,0,65536,1,2,15,1,True,380009,152.031,12161400.0
8192,192,16,4,4,20,16,16,32,2,1,32768,0,1,14,1,True,824543,4.21199,179493.0
8192,192,16,4,8,15,64,2,64,2,0,32768,1,3,9,1,True,398339,168.838,13574600.0
8192,192,16,5,8,20,16,16,128,3,0,131072,0,4,8,2,True,1129623,10.4366,793553.0
8192,52,4,1,4,10,64,16,128,3,0,65536,0,1,9,1,True,878562,14.3837,199283.0
8192,52,4,1,4,12,64,8,32,3,1,32768,0,1,9,2,True,877086,9.59394,209644.0
8192,52,4,1,8,18,16,8,64,3,1,65536,0,4,10,2,True,1209589,11.6707,493118.0
8192,52,4,2,4,12,64,16,32,2,1,16384,0,1,8,1,True,787040,5.4286,78129.2
8192,52,4,2,8,15,32,2,64,1,0,65536,1,2,11,2,True,382889,154.443,12354800.0
8192,52,4,3,4,12,32,2,32,1,0,65536,1,1,6,2,True,338757,153.553,12354600.0
8192,52,4,4,8,13,64,8,128,1,1,16384,1,4,11,2,True,398689,168.627,13592700.0
8192,52,4,4,8,15,32,1,64,3,1,32768,0,3,14,2,True,1661066,2.60864,226277.0
8192,52,4,5,8,15,16,16,32,3,1,16384,1,3,9,2,True,461903,77.0361,6204370.0
8192,104,8,1,4,14,64,16,64,3,0,131072,1,3,9,2,True,473274,184.318,14284300.0
8192,104,8,1,4,20,64,4,32,3,0,131072,0,3,7,2,True,1035499,16.9932,877636.0
8192,104,8,2,4,11,16,1,64,2,1,131072,1,3,9,2,True,512095,84.6654,7134220.0
8192,104,8,2,8,16,16,4,128,1,1,16384,1,4,14,2,True,507422,77.2978,6158980.0
8192,104,8,3,4,15,16,8,64,1,0,65536,1,4,6,1,True,476203,79.0146,6304700.0
8192,104,8,3,4,18,64,4,64,3,0,32768,1,3,6,1,True,455290,169.017,13558500.0
8192,104,8,3,8,11,32,4,128,1,1,16384,0,1,16,1,True,720281,2.84527,62457.2
8192,104,8,5,4,19,32,8,32,2,1,32768,1,4,12,1,True,440297,150.316,12080400.0
8192,104,8,5,4,20,16,1,32,2,1,32768,0,3,10,1,True,1437879,2.2667,111116.0
8192,208,16,1,8,17,32,4,128,4,0,131072,1,3,11,1,True,535533,159.899,12412600.0
8192,208,16,1,8,19,16,8,32,1,0,65536,0,4,4,1,True,1053470,10.8101,325127.0
8192,208,16,2,8,18,64,16,128,4,0,16384,1,4,12,1,True,525060,169.463,13535500.0
8192,208,16,4,4,18,64,4,128,4,1,16384,0,1,6,2,True,937510,1.91964,109074.0
8192,208,16,4,8,15,16,16,32,4,0,65536,1,4,8,2,True,535011,80.2576,6648300.0
8192,208,16,5,4,17,64,2,32,3,1,65536,1,4,6,1,True,459641,169.821,13656700.0
8192,56,4,1,4,12,64,4,32,2,0,65536,0,4,10,2,True,1038260,11.0014,362645.0
8192,56,4,1,8,17,32,2,32,1,0,16384,1,2,15,2,True,414164,153.31,12087300.0
8192,56,4,1,8,19,64,2,128,4,0,131072,1,3,8,2,True,505982,178.716,14186300.0
8192,56,4,2,4,15,16,2,64,1,0,32768,0,4,6,2,True,1012965,5.17606,230246.0
8192,56,4,3,4,12,16,8,32,4,1,65536,1,3,9,1,True,528004,78.8235,6304700.0
8192,56,4,3,4,15,32,1,128,1,1,32768,1,1,7,1,True,887495,149.974,12073600.0
8192,56,4,3,8,17,16,4,64,1,1,16384,1,4,5,1,True,476203,76.1513,6050320.0
8192,56,4,4,4,11,32,2,64,1,0,131072,1,4,13,2,True,412527,156.07,12843000.0
8192,56,4,4,4,13,64,16,32,1,0,16384,0,2,10,1,True,781279,3.18419,77611.1
8192,56,4,4,4,14,16,2,64,2,1,131072,0,2,5,1,True,902773,9.06461,452197.0
8192,56,4,4,8,19,32,2,64,1,1,65536,1,3,5,1,True,380906,152.027,12161400.0
8192,56,4,5,4,16,32,4,64,1,0,16384,0,2,16,1,True,791471,1.90594,62077.8
8192,56,4,5,8,14,16,16,64,1,1,65536,0,2,7,1,True,814280,5.62739,213379.0
8192,56,4,5,8,14,32,4,32,3,0,131072,1,3,11,2,True,438879,155.631,12842500.0
8192,112,8,1,4,11,64,1,128,3,0,131072,0,4,5,1,True,1121446,14.9811,342375.0
8192,112,8,2,4,11,32,2,32,2,1,16384,0,4,11,2,True,1084421,2.71988,123887.0
8192,112,8,2,4,15,32,16,64,1,0,32768,0,4,14,2,True,968881,7.94137,259939.0
8192,112,8,2,4,17,64,4,32,3,1,32768,1,2,15,1,True,427839,169.846,13558600.0
8192,112,8,2,8,20,16,16,64,2,1,65536,1,3,7,2,True,509264,82.675,6644000.0
8192,112,8,3,4,13,16,16,128,3,1,16384,0,3,9,1,True,1064249,3.362,106649.0
8192,112,8,4,8,12,16,2,64,3,1,32768,0,4,10,2,True,1146694,3.33196,229728.0
8192,112,8,4,8,18,32,4,32,3,1,131072,1,2,8,1,True,411099,155.055,12415600.0
8192,224,16,1,4,10,64,8,32,4,1,32768,0,1,7,2,True,981041,8.76095,209644.0
8192,224,16,1,4,19,16,16,128,2,0,131072,1,4,8,2,True,570348,91.826,6776460.0
8192,224,16,2,4,10,32,2,64,1,1,131072,0,1,13,1,True,730861,13.2844,452778.0
8192,224,16,3,8,10,16,1,128,4,0,65536,1,2,9,2,True,491392,79.4533,6455280.0
8192,224,16,3,8,10,16,16,128,2,0,32768,0,3,5,1,True,987677,4.48753,179848.0
8192,224,16,3,8,12,16,8,128,4,1,131072,1,2,11,2,True,491102,84.0639,6892180.0
8192,224,16,3,8,15,16,1,64,3,0,65536,0,2,11,2,True,983177,6.38839,474234.0
8192,224,16,4,8,19,64,16,128,2,1,65536,0,3,10,2,True,940129,7.95102,517811.0
8192,60,4,2,4,17,16,4,128,1,1,16384,0,4,7,2,True,1005198,3.96994,177932.0
8192,60,4,2,4,19,32,1,64,1,0,32768,1,2,14,1,True,1166059,150.095,12073800.0
8192,60,4,5,4,15,32,1,64,2,1,131072,0,2,5,1,True,869765,7.75779,452079.0
8192,120,8,1,4,19,32,16,64,3,1,16384,1,2,12,2,True,471005,156.105,12139500.0
8192,120,8,2,4,16,32,2,64,3,1,131072,0,4,13,1,True,1125819,10.3811,452778.0
8192,120,8,2,8,18,64,16,64,3,0,131072,1,3,16,2,True,460281,178.468,14283000.0
8192,120,8,3,4,12,64,2,32,4,0,32768,1,3,15,1,True,486059,168.901,13570200.0
8192,120,8,3,4,20,32,16,128,4,0,131072,1,4,15,1,True,533405,155.608,12351200.0
8192,120,8,3,8,11,64,2,128,3,1,32768,0,2,5,1,True,965665,3.04607,112816.0
8192,120,8,3,8,16,16,8,64,4,1,32768,0,1,16,2,True,981079,4.4714,233418.0
8192,120,8,4,4,15,32,16,32,2,0,65536,0,4,14,1,True,1032853,5.08211,190575.0
8192,120,8,4,4,17,64,1,128,2,1,131072,0,2,15,1,True,859597,7.98645,340544.0
8192,120,8,4,4,18,64,2,32,1,0,16384,1,3,9,2,True,367903,168.306,13571200.0
8192,120,8,4,8,16,16,2,128,2,1,16384,0,4,16,1,True,1078252,1.8902,69069.1
8192,120,8,5,4,16,64,8,128,4,0,32768,1,3,10,2,True,458890,169.055,13669900.0
8192,120,8,5,8,20,32,8,128,3,1,131072,1,2,12,2,True,405831,156.059,12878100.0
8192,240,16,1,4,15,32,4,32,2,1,131072,1,2,6,2,True,438055,162.528,12839500.0
8192,240,16,1,8,15,32,4,32,1,0,16384,1,1,4,1,True,377695,153.97,12026000.0
8192,240,16,1,8,19,16,16,128,3,1,16384,0,1,12,2,True,1018667,11.0625,220388.0
8192,240,16,2,4,10,64,2,32,2,0,16384,0,2,13,1,True,944128,2.98157,58995.7
8192,240,16,2,8,12,32,1,64,2,1,16384,1,1,7,1,True,1130233,149.413,12031800.0
8192,240,16,2,8,17,64,2,64,1,0,65536,0,3,12,2,True,879308,7.44664,392788.0
8192,240,16,3,8,10,32,16,32,3,1,16384,1,2,8,1,True,435656,150.693,12040100.0
8192,240,16,4,4,11,16,2,64,1,0,65536,0,2,6,1,True,827206,5.12399,304954.0
8192,240,16,4,8,10,16,4,64,1,1,65536,0,4,16,2,True,981584,5.8879,489764.0
8192,240,16,4,8,18,64,4,32,2,1,32768,1,1,10,1,True,334287,169.079,13562900.0
8192,240,16,4,8,20,32,2,128,2,0,65536,0,4,16,2,True,1037352,5.07643,392172.0
8192,240,16,5,4,19,64,16,128,4,0,131072,0,2,10,2,True,1024373,10.2631,825105.0
8192,64,4,1,4,10,32,16,128,4,0,32768,0,1,13,2,True,983382,13.7704,261252.0
8192,64,4,1,4,17,64,16,128,4,0,131072,0,4,6,2,True,1192692,23.1373,826960.0
8192,64,4,2,8,11,16,1,32,2,1,32768,0,1,15,2,True,1570480,3.92201,226714.0
8192,64,4,5,8,12,32,4,64,1,0,32768,0,3,5,2,True,869771,3.22137,206662.0
8192,128,8,1,8,12,64,2,128,2,0,131072,0,4,9,1,True,1037864,15.828,342507.0
8192,128,8,1,8,18,32,16,64,2,1,131072,1,3,4,1,True,473822,161.815,12352700.0
8192,128,8,2,8,10,32,1,32,3,0,16384,1,1,12,1,True,1161260,149.393,12031800.0
8192,128,8,3,4,19,32,16,128,2,1,65536,0,3,6,1,True,957504,6.05653,190929.0
8192,128,8,3,8,11,16,8,32,3,1,16384,1,2,13,1,True,462525,76.3096,6051280.0
8192,128,8,3,8,14,32,1,32,1,1,32768,1,1,15,1,True,883976,149.977,12073600.0
8192,128,8,3,8,18,16,2,128,1,1,131072,1,3,10,2,True,436535,83.7914,7131400.0
8192,128,8,4,4,12,16,8,128,3,0,131072,0,1,9,2,True,896193,10.7962,910776.0
8192,128,8,4,4,12,64,4,32,2,0,65536,1,4,15,1,True,430760,170.178,13661000.0
8192,128,8,4,8,14,64,1,32,3,1,65536,1,3,16,1,True,429732,170.102,13657900.0
8192,128,8,4,8,17,32,16,128,2,0,16384,0,4,8,2,True,1031973,3.70624,175554.0
8192,128,8,5,4,13,64,1,128,2,1,16384,0,4,11,1,True,1748233,1.18403,58524.9
8192,128,8,5,4,18,64,16,64,1,0,65536,0,2,4,1,True,783788,5.2273,197428.0
8192,256,16,1,4,20,64,1,32,3,1,32768,0,3,14,2,True,2691348,3.97789,206438.0
8192,256,16,1,8,20,32,16,128,2,0,16384,0,1,13,1,True,830883,9.88278,79473.5
8192,256,16,2,4,15,32,16,64,2,1,65536,0,3,11,1,True,968288,7.62912,191093.0
8192,256,16,3,8,13,64,16,32,1,0,65536,1,2,9,1,True,359951,171.696,13655200.0
8192,256,16,3,8,14,16,1,128,3,1,65536,0,4,10,2,True,1147020,5.97382,474234.0
8192,256,16,3,8,20,64,1,128,3,0,32768,1,4,9,1,True,1278173,168.147,13568900.0
8192,256,16,4,4,20,32,1,64,4,0,65536,1,3,10,1,True,476304,151.736,12162600.0
8192,256,16,4,8,15,32,8,64,3,1,16384,1,2,6,2,True,410943,150.251,12097500.0
8192,256,16,5,4,15,16,2,128,2,1,131072,0,1,11,1,True,811996,8.67754,452173.0
8192,256,16,5,4,20,64,1,64,3,0,32768,0,3,6,2,True,1678618,2.29871,204584.0
8192,256,16,5,8,17,32,16,128,2,1,131072,0,1,9,1,True,789041,8.61919,388736.0
